Watching for file changes with StatReloader
Waiting for apps ready_event.
Apps ready_event triggered. Sending autoreload_started signal.
Watching dir C:\Users\Andrei2\PycharmProjects\djangoProject8\templates with glob **/*.
Watching dir C:\Users\Andrei2\PyCharmProjects\djangoProject8\.venv\Lib\site-packages\rest_framework\templates with glob **/*.
Watching dir C:\Users\Andrei2\PyCharmProjects\djangoProject8\locale with glob **/*.mo.
Watching dir C:\Users\Andrei2\PyCharmProjects\djangoProject8\.venv\Lib\site-packages\csp\locale with glob **/*.mo.
Watching dir C:\Users\Andrei2\PyCharmProjects\djangoProject8\.venv\Lib\site-packages\corsheaders\locale with glob **/*.mo.
Watching dir C:\Users\Andrei2\PyCharmProjects\djangoProject8\mydogs\locale with glob **/*.mo.
Watching dir C:\Users\Andrei2\PyCharmProjects\djangoProject8\.venv\Lib\site-packages\rest_framework\locale with glob **/*.mo.
(0.013) 
            SELECT
                c.relname,
                CASE
                    WHEN c.relispartition THEN 'p'
                    WHEN c.relkind IN ('m', 'v') THEN 'v'
                    ELSE 't'
                END,
                obj_description(c.oid, 'pg_class')
            FROM pg_catalog.pg_class c
            LEFT JOIN pg_catalog.pg_namespace n ON n.oid = c.relnamespace
            WHERE c.relkind IN ('f', 'm', 'p', 'r', 'v')
                AND n.nspname NOT IN ('pg_catalog', 'pg_toast')
                AND pg_catalog.pg_table_is_visible(c.oid)
        ; args=None; alias=default
(0.003) SELECT "django_migrations"."id", "django_migrations"."app", "django_migrations"."name", "django_migrations"."applied" FROM "django_migrations"; args=(); alias=default
File C:\Users\Andrei2\PycharmProjects\djangoProject8\.venv\Lib\site-packages\django\contrib\messages\storage\__init__.py first seen with mtime 1744011254.555931
File C:\Users\Andrei2\AppData\Local\Programs\Python\Python313\Lib\email\headerregistry.py first seen with mtime 1728286008.0
File C:\Users\Andrei2\PycharmProjects\djangoProject8\.venv\Lib\site-packages\psycopg\_copy_async.py first seen with mtime 1744012653.6907496
File C:\Users\Andrei2\PycharmProjects\djangoProject8\.venv\Lib\site-packages\django\db\models\deletion.py first seen with mtime 1744011255.7344685
File C:\Users\Andrei2\PycharmProjects\djangoProject8\.venv\Lib\site-packages\pygments\lexers\special.py first seen with mtime 1744012699.882079
File C:\Users\Andrei2\PycharmProjects\djangoProject8\.venv\Lib\site-packages\psycopg\_conninfo_attempts_async.py first seen with mtime 1744012653.6871333
File C:\Users\Andrei2\PycharmProjects\djangoProject8\.venv\Lib\site-packages\django\utils\lorem_ipsum.py first seen with mtime 1744011255.9548078
File C:\Users\Andrei2\PycharmProjects\djangoProject8\.venv\Lib\site-packages\urllib3\util\url.py first seen with mtime 1744013362.7066166
File C:\Users\Andrei2\AppData\Local\Programs\Python\Python313\Lib\importlib\resources\abc.py first seen with mtime 1728286008.0
File C:\Users\Andrei2\PycharmProjects\djangoProject8\.venv\Lib\site-packages\charset_normalizer\models.py first seen with mtime 1744011158.5556886
File C:\Users\Andrei2\PycharmProjects\djangoProject8\.venv\Lib\site-packages\psycopg\pq\abc.py first seen with mtime 1744012653.7367773
File C:\Users\Andrei2\PycharmProjects\djangoProject8\.venv\Lib\site-packages\django\views\decorators\cache.py first seen with mtime 1744011255.977692
File C:\Users\Andrei2\PycharmProjects\djangoProject8\.venv\Lib\site-packages\django\http\response.py first seen with mtime 1744011255.8835483
File C:\Users\Andrei2\PycharmProjects\djangoProject8\.venv\Lib\site-packages\corsheaders\apps.py first seen with mtime 1744011279.314506
File C:\Users\Andrei2\AppData\Local\Programs\Python\Python313\DLLs\_lzma.pyd first seen with mtime 1728286046.0
File C:\Users\Andrei2\PycharmProjects\djangoProject8\.venv\Lib\site-packages\django\contrib\admin\__init__.py first seen with mtime 1744011252.3797917
File C:\Users\Andrei2\PycharmProjects\djangoProject8\.venv\Lib\site-packages\asgiref\sync.py first seen with mtime 1744009552.5431595
File C:\Users\Andrei2\PycharmProjects\djangoProject8\.venv\Lib\site-packages\charset_normalizer\version.py first seen with mtime 1744011158.5576992
File C:\Users\Andrei2\AppData\Local\Programs\Python\Python313\Lib\importlib\metadata\_collections.py first seen with mtime 1728286008.0
File C:\Users\Andrei2\PycharmProjects\djangoProject8\.venv\Lib\site-packages\urllib3\util\ssl_.py first seen with mtime 1744013362.702464
File C:\Users\Andrei2\PycharmProjects\djangoProject8\.venv\Lib\site-packages\pytz\__init__.py first seen with mtime 1744012754.6835146
File C:\Users\Andrei2\AppData\Local\Programs\Python\Python313\Lib\http\__init__.py first seen with mtime 1728286008.0
File C:\Users\Andrei2\AppData\Local\Programs\Python\Python313\Lib\argparse.py first seen with mtime 1728286008.0
File C:\Users\Andrei2\PycharmProjects\djangoProject8\.venv\Lib\site-packages\requests\__init__.py first seen with mtime 1743832080.248982
File C:\Users\Andrei2\PycharmProjects\djangoProject8\.venv\Lib\site-packages\django\contrib\messages\api.py first seen with mtime 1744011254.54993
File C:\Users\Andrei2\PycharmProjects\djangoProject8\.venv\Lib\site-packages\django\db\backends\postgresql\creation.py first seen with mtime 1744011255.6742465
File C:\Users\Andrei2\PycharmProjects\djangoProject8\.venv\Lib\site-packages\requests\status_codes.py first seen with mtime 1743832080.27164
File C:\Users\Andrei2\PycharmProjects\djangoProject8\.venv\Lib\site-packages\django\db\migrations\exceptions.py first seen with mtime 1744011255.692875
File C:\Users\Andrei2\PycharmProjects\djangoProject8\.venv\Lib\site-packages\django\core\files\__init__.py first seen with mtime 1744011255.553004
File C:\Users\Andrei2\PycharmProjects\djangoProject8\.venv\Lib\site-packages\django\db\models\fields\__init__.py first seen with mtime 1744011255.7472959
File C:\Users\Andrei2\PycharmProjects\djangoProject8\.venv\Lib\site-packages\psycopg\pq\misc.py first seen with mtime 1744012653.7382553
File C:\Users\Andrei2\PycharmProjects\djangoProject8\.venv\Lib\site-packages\pygments\modeline.py first seen with mtime 1744012699.6803615
File C:\Users\Andrei2\PycharmProjects\djangoProject8\.venv\Lib\site-packages\django\contrib\auth\middleware.py first seen with mtime 1744011253.2352512
File C:\Users\Andrei2\PycharmProjects\djangoProject8\.venv\Lib\site-packages\psycopg\conninfo.py first seen with mtime 1744012653.7123978
File C:\Users\Andrei2\PycharmProjects\djangoProject8\.venv\Lib\site-packages\django\db\models\fields\related_lookups.py first seen with mtime 1744011255.758146
File C:\Users\Andrei2\PycharmProjects\djangoProject8\.venv\Lib\site-packages\urllib3\response.py first seen with mtime 1744013362.6825657
File C:\Users\Andrei2\PycharmProjects\djangoProject8\.venv\Lib\site-packages\django\db\migrations\utils.py first seen with mtime 1744011255.7052605
File C:\Users\Andrei2\PycharmProjects\djangoProject8\.venv\Lib\site-packages\urllib3\_version.py first seen with mtime 1744013362.6722207
File C:\Users\Andrei2\PycharmProjects\djangoProject8\.venv\Lib\site-packages\django\core\checks\messages.py first seen with mtime 1744011255.5413156
File C:\Users\Andrei2\PycharmProjects\djangoProject8\.venv\Lib\site-packages\rest_framework\utils\urls.py first seen with mtime 1744011294.2823358
File C:\Users\Andrei2\AppData\Local\Programs\Python\Python313\Lib\glob.py first seen with mtime 1728286008.0
File C:\Users\Andrei2\PycharmProjects\djangoProject8\.venv\Lib\site-packages\psycopg\types\datetime.py first seen with mtime 1744012653.744129
File C:\Users\Andrei2\PycharmProjects\djangoProject8\.venv\Lib\site-packages\django\views\decorators\common.py first seen with mtime 1744011255.9796906
File C:\Users\Andrei2\PycharmProjects\djangoProject8\.venv\Lib\site-packages\colorama\ansitowin32.py first seen with mtime 1744011168.9564989
File C:\Users\Andrei2\PycharmProjects\djangoProject8\.venv\Lib\site-packages\urllib3\_base_connection.py first seen with mtime 1744013362.6692202
File C:\Users\Andrei2\PycharmProjects\djangoProject8\.venv\Lib\site-packages\django\utils\_os.py first seen with mtime 1744011255.9311361
File C:\Users\Andrei2\PycharmProjects\djangoProject8\.venv\Lib\site-packages\rest_framework\utils\field_mapping.py first seen with mtime 1744011294.2739608
File C:\Users\Andrei2\PycharmProjects\djangoProject8\.venv\Lib\site-packages\django\template\loader.py first seen with mtime 1744011255.8997383
File C:\Users\Andrei2\AppData\Local\Programs\Python\Python313\Lib\textwrap.py first seen with mtime 1728286008.0
File C:\Users\Andrei2\PycharmProjects\djangoProject8\.venv\Lib\site-packages\django\http\__init__.py first seen with mtime 1744011255.8805504
File C:\Users\Andrei2\PycharmProjects\djangoProject8\.venv\Lib\site-packages\psycopg\version.py first seen with mtime 1744012653.7255647
File C:\Users\Andrei2\PycharmProjects\djangoProject8\.venv\Lib\site-packages\psycopg\copy.py first seen with mtime 1744012653.713725
File C:\Users\Andrei2\PycharmProjects\djangoProject8\.venv\Lib\site-packages\django\contrib\staticfiles\utils.py first seen with mtime 1744011255.507028
File C:\Users\Andrei2\PycharmProjects\djangoProject8\.venv\Lib\site-packages\django\contrib\admin\templatetags\admin_list.py first seen with mtime 1744011252.9569855
File C:\Users\Andrei2\PycharmProjects\djangoProject8\.venv\Lib\site-packages\django\contrib\postgres\fields\utils.py first seen with mtime 1744011254.5774944
File C:\Users\Andrei2\PycharmProjects\djangoProject8\.venv\Lib\site-packages\corsheaders\checks.py first seen with mtime 1744011279.314506
File C:\Users\Andrei2\PycharmProjects\djangoProject8\.venv\Lib\site-packages\django\db\migrations\operations\special.py first seen with mtime 1744011255.728469
File C:\Users\Andrei2\PycharmProjects\djangoProject8\.venv\Lib\site-packages\django\core\management\commands\runserver.py first seen with mtime 1744011255.606015
File C:\Users\Andrei2\PycharmProjects\djangoProject8\.venv\Lib\site-packages\django\utils\asyncio.py first seen with mtime 1744011255.9321063
File C:\Users\Andrei2\AppData\Local\Programs\Python\Python313\Lib\email\mime\multipart.py first seen with mtime 1728286008.0
File C:\Users\Andrei2\PycharmProjects\djangoProject8\.venv\Lib\site-packages\psycopg\_cursor_base.py first seen with mtime 1744012653.692768
File C:\Users\Andrei2\PycharmProjects\djangoProject8\.venv\Lib\site-packages\psycopg\_preparing.py first seen with mtime 1744012653.6976542
File C:\Users\Andrei2\PycharmProjects\djangoProject8\.venv\Lib\site-packages\charset_normalizer\__init__.py first seen with mtime 1744011158.5452528
File C:\Users\Andrei2\AppData\Local\Programs\Python\Python313\Lib\email\contentmanager.py first seen with mtime 1728286008.0
File C:\Users\Andrei2\PycharmProjects\djangoProject8\.venv\Lib\site-packages\django\db\models\sql\__init__.py first seen with mtime 1744011255.7704513
File C:\Users\Andrei2\PycharmProjects\djangoProject8\.venv\Lib\site-packages\requests\sessions.py first seen with mtime 1743832080.27164
File C:\Users\Andrei2\PycharmProjects\djangoProject8\.venv\Lib\site-packages\django\db\migrations\operations\__init__.py first seen with mtime 1744011255.7232602
File C:\Users\Andrei2\AppData\Local\Programs\Python\Python313\Lib\importlib\resources\_itertools.py first seen with mtime 1728286008.0
File C:\Users\Andrei2\PycharmProjects\djangoProject8\.venv\Lib\site-packages\psycopg\types\uuid.py first seen with mtime 1744012653.7570302
File C:\Users\Andrei2\PycharmProjects\djangoProject8\.venv\Lib\site-packages\django\contrib\postgres\forms\hstore.py first seen with mtime 1744011254.5805893
File C:\Users\Andrei2\PycharmProjects\djangoProject8\.venv\Lib\site-packages\django\contrib\admin\templatetags\admin_urls.py first seen with mtime 1744011252.9594347
File C:\Users\Andrei2\AppData\Local\Programs\Python\Python313\Lib\asyncio\taskgroups.py first seen with mtime 1728286008.0
File C:\Users\Andrei2\PycharmProjects\djangoProject8\.venv\Lib\site-packages\django\utils\formats.py first seen with mtime 1744011255.9450788
File C:\Users\Andrei2\PycharmProjects\djangoProject8\.venv\Lib\site-packages\django\core\checks\security\base.py first seen with mtime 1744011255.54985
File C:\Users\Andrei2\PycharmProjects\djangoProject8\.venv\Lib\site-packages\rest_framework\utils\breadcrumbs.py first seen with mtime 1744011294.272945
File C:\Users\Andrei2\PycharmProjects\djangoProject8\.venv\Lib\site-packages\django\contrib\sessions\__init__.py first seen with mtime 1744011254.9692214
File C:\Users\Andrei2\PycharmProjects\djangoProject8\.venv\Lib\site-packages\django\db\models\sql\where.py first seen with mtime 1744011255.7776783
File C:\Users\Andrei2\AppData\Local\Programs\Python\Python313\Lib\email\quoprimime.py first seen with mtime 1728286008.0
File C:\Users\Andrei2\PycharmProjects\djangoProject8\.venv\Lib\site-packages\django\db\backends\base\operations.py first seen with mtime 1744011255.6416667
File C:\Users\Andrei2\PycharmProjects\djangoProject8\.venv\Lib\site-packages\psycopg\types\json.py first seen with mtime 1744012653.748738
File C:\Users\Andrei2\AppData\Local\Programs\Python\Python313\Lib\urllib\response.py first seen with mtime 1728286008.0
File C:\Users\Andrei2\PycharmProjects\djangoProject8\.venv\Lib\site-packages\django\contrib\auth\decorators.py first seen with mtime 1744011253.2322528
File C:\Users\Andrei2\PycharmProjects\djangoProject8\.venv\Lib\site-packages\django\utils\tree.py first seen with mtime 1744011255.96446
File C:\Users\Andrei2\PycharmProjects\djangoProject8\.venv\Lib\site-packages\django\__init__.py first seen with mtime 1744011251.9948256
File C:\Users\Andrei2\PycharmProjects\djangoProject8\.venv\Lib\site-packages\django\db\migrations\migration.py first seen with mtime 1744011255.6968763
File C:\Users\Andrei2\PycharmProjects\djangoProject8\.venv\Lib\site-packages\idna\idnadata.py first seen with mtime 1743832079.3673258
File C:\Users\Andrei2\PycharmProjects\djangoProject8\.venv\Lib\site-packages\urllib3\util\retry.py first seen with mtime 1744013362.7013717
File C:\Users\Andrei2\AppData\Local\Programs\Python\Python313\Lib\urllib\request.py first seen with mtime 1728286008.0
File C:\Users\Andrei2\PycharmProjects\djangoProject8\.venv\Lib\site-packages\django\contrib\sites\__init__.py first seen with mtime 1744011255.2000976
File C:\Users\Andrei2\PycharmProjects\djangoProject8\.venv\Lib\site-packages\django\template\context.py first seen with mtime 1744011255.894641
File C:\Users\Andrei2\AppData\Local\Programs\Python\Python313\Lib\importlib\resources\_adapters.py first seen with mtime 1728286008.0
File C:\Users\Andrei2\PycharmProjects\djangoProject8\.venv\Lib\site-packages\django\forms\utils.py first seen with mtime 1744011255.79005
File C:\Users\Andrei2\PycharmProjects\djangoProject8\.venv\Lib\site-packages\django\utils\datastructures.py first seen with mtime 1744011255.9361088
File C:\Users\Andrei2\PycharmProjects\djangoProject8\.venv\Lib\site-packages\django\views\generic\edit.py first seen with mtime 1744011255.9879758
File C:\Users\Andrei2\AppData\Local\Programs\Python\Python313\Lib\quopri.py first seen with mtime 1728286008.0
File C:\Users\Andrei2\PycharmProjects\djangoProject8\.venv\Lib\site-packages\psycopg\_compat.py first seen with mtime 1744012653.684501
File C:\Users\Andrei2\PycharmProjects\djangoProject8\.venv\Lib\site-packages\django\core\servers\basehttp.py first seen with mtime 1744011255.625924
File C:\Users\Andrei2\PycharmProjects\djangoProject8\.venv\Lib\site-packages\urllib3\util\__init__.py first seen with mtime 1744013362.6971362
File C:\Users\Andrei2\PycharmProjects\djangoProject8\.venv\Lib\site-packages\colorama\initialise.py first seen with mtime 1744011168.9575467
File C:\Users\Andrei2\AppData\Local\Programs\Python\Python313\Lib\_opcode_metadata.py first seen with mtime 1728286008.0
File C:\Users\Andrei2\PycharmProjects\djangoProject8\.venv\Lib\site-packages\django\db\models\fields\reverse_related.py first seen with mtime 1744011255.7621639
File C:\Users\Andrei2\PycharmProjects\djangoProject8\.venv\Lib\site-packages\django\core\cache\backends\base.py first seen with mtime 1744011255.527655
File C:\Users\Andrei2\AppData\Local\Programs\Python\Python313\Lib\graphlib.py first seen with mtime 1728286008.0
File C:\Users\Andrei2\PycharmProjects\djangoProject8\.venv\Lib\site-packages\django\db\models\sql\query.py first seen with mtime 1744011255.7764766
File C:\Users\Andrei2\PycharmProjects\djangoProject8\.venv\Lib\site-packages\psycopg\_tpc.py first seen with mtime 1744012653.7016659
File C:\Users\Andrei2\PycharmProjects\djangoProject8\.venv\Lib\site-packages\psycopg\_connection_base.py first seen with mtime 1744012653.6856623
File C:\Users\Andrei2\PycharmProjects\djangoProject8\.venv\Lib\site-packages\django\utils\http.py first seen with mtime 1744011255.948595
File C:\Users\Andrei2\PycharmProjects\djangoProject8\.venv\Lib\site-packages\rest_framework\reverse.py first seen with mtime 1744011294.0325515
File C:\Users\Andrei2\AppData\Local\Programs\Python\Python313\Lib\email\_header_value_parser.py first seen with mtime 1728286008.0
File C:\Users\Andrei2\PycharmProjects\djangoProject8\.venv\Lib\site-packages\django\template\engine.py first seen with mtime 1744011255.8977375
File C:\Users\Andrei2\PycharmProjects\djangoProject8\.venv\Lib\site-packages\charset_normalizer\md.cp313-win_amd64.pyd first seen with mtime 1744011158.5489416
File C:\Users\Andrei2\AppData\Local\Programs\Python\Python313\Lib\asyncio\proactor_events.py first seen with mtime 1728286008.0
File C:\Users\Andrei2\PycharmProjects\djangoProject8\.venv\Lib\site-packages\django\core\__init__.py first seen with mtime 1744011255.516636
File C:\Users\Andrei2\PycharmProjects\djangoProject8\.venv\Lib\site-packages\django\contrib\staticfiles\handlers.py first seen with mtime 1744011255.503515
File C:\Users\Andrei2\AppData\Local\Programs\Python\Python313\DLLs\_ssl.pyd first seen with mtime 1728286046.0
File C:\Users\Andrei2\AppData\Local\Programs\Python\Python313\Lib\lzma.py first seen with mtime 1728286008.0
File C:\Users\Andrei2\PycharmProjects\djangoProject8\.venv\Lib\site-packages\django\db\migrations\operations\models.py first seen with mtime 1744011255.727466
File C:\Users\Andrei2\AppData\Local\Programs\Python\Python313\DLLs\_hashlib.pyd first seen with mtime 1728286046.0
File C:\Users\Andrei2\PycharmProjects\djangoProject8\.venv\Lib\site-packages\django\forms\boundfield.py first seen with mtime 1744011255.782932
File C:\Users\Andrei2\PycharmProjects\djangoProject8\.venv\Lib\site-packages\idna\package_data.py first seen with mtime 1743832079.3673258
File C:\Users\Andrei2\PycharmProjects\djangoProject8\.venv\Lib\site-packages\psycopg\waiting.py first seen with mtime 1744012653.726969
File C:\Users\Andrei2\AppData\Local\Programs\Python\Python313\Lib\_colorize.py first seen with mtime 1728286008.0
File C:\Users\Andrei2\PycharmProjects\djangoProject8\.venv\Lib\site-packages\django\db\backends\base\features.py first seen with mtime 1744011255.6396675
File C:\Users\Andrei2\PycharmProjects\djangoProject8\.venv\Lib\site-packages\psycopg\_encodings.py first seen with mtime 1744012653.6942067
File C:\Users\Andrei2\PycharmProjects\djangoProject8\.venv\Lib\site-packages\django\core\checks\database.py first seen with mtime 1744011255.5389628
File C:\Users\Andrei2\PycharmProjects\djangoProject8\.venv\Lib\site-packages\django\db\models\sql\subqueries.py first seen with mtime 1744011255.7764766
File C:\Users\Andrei2\PycharmProjects\djangoProject8\manage.py first seen with mtime 1743832080.5344362
File C:\Users\Andrei2\AppData\Local\Programs\Python\Python313\Lib\html\__init__.py first seen with mtime 1728286008.0
File C:\Users\Andrei2\AppData\Local\Programs\Python\Python313\Lib\collections\__init__.py first seen with mtime 1728286008.0
File C:\Users\Andrei2\AppData\Local\Programs\Python\Python313\Lib\datetime.py first seen with mtime 1728286008.0
File C:\Users\Andrei2\PycharmProjects\djangoProject8\.venv\Lib\site-packages\pygments\filter.py first seen with mtime 1744012699.6768403
File C:\Users\Andrei2\PycharmProjects\djangoProject8\.venv\Lib\site-packages\sqlparse\formatter.py first seen with mtime 1744013322.5154383
File C:\Users\Andrei2\PycharmProjects\djangoProject8\.venv\Lib\site-packages\django\conf\urls\__init__.py first seen with mtime 1744011252.3758001
File C:\Users\Andrei2\AppData\Local\Programs\Python\Python313\Lib\encodings\utf_8.py first seen with mtime 1728286008.0
File C:\Users\Andrei2\PycharmProjects\djangoProject8\.venv\Lib\site-packages\rest_framework\permissions.py first seen with mtime 1744011294.02717
File C:\Users\Andrei2\PycharmProjects\djangoProject8\.venv\Lib\site-packages\django\contrib\admin\sites.py first seen with mtime 1744011252.3905263
File C:\Users\Andrei2\PycharmProjects\djangoProject8\.venv\Lib\site-packages\django\urls\resolvers.py first seen with mtime 1744011255.9281058
File C:\Users\Andrei2\AppData\Local\Programs\Python\Python313\Lib\concurrent\__init__.py first seen with mtime 1728286008.0
File C:\Users\Andrei2\PycharmProjects\djangoProject8\.venv\Lib\site-packages\django\contrib\postgres\fields\ranges.py first seen with mtime 1744011254.5764966
File C:\Users\Andrei2\AppData\Local\Programs\Python\Python313\Lib\json\encoder.py first seen with mtime 1728286008.0
File C:\Users\Andrei2\PycharmProjects\djangoProject8\.venv\Lib\site-packages\requests\compat.py first seen with mtime 1743832080.2651157
File C:\Users\Andrei2\PycharmProjects\djangoProject8\.venv\Lib\site-packages\django\core\checks\model_checks.py first seen with mtime 1744011255.5427604
File C:\Users\Andrei2\PycharmProjects\djangoProject8\.venv\Lib\site-packages\django\contrib\messages\constants.py first seen with mtime 1744011254.55093
File C:\Users\Andrei2\PycharmProjects\djangoProject8\.venv\Lib\site-packages\rest_framework\settings.py first seen with mtime 1744011294.0351198
File C:\Users\Andrei2\PycharmProjects\djangoProject8\.venv\Lib\site-packages\psycopg\postgres.py first seen with mtime 1744012653.7198365
File C:\Users\Andrei2\PycharmProjects\djangoProject8\.venv\Lib\site-packages\django\contrib\admin\templatetags\base.py first seen with mtime 1744011252.9604437
File C:\Users\Andrei2\PycharmProjects\djangoProject8\.venv\Lib\site-packages\pytz\tzfile.py first seen with mtime 1744012754.688549
File C:\Users\Andrei2\PycharmProjects\djangoProject8\.venv\Lib\site-packages\rest_framework\utils\model_meta.py first seen with mtime 1744011294.2788315
File C:\Users\Andrei2\PycharmProjects\djangoProject8\.venv\Lib\site-packages\certifi\core.py first seen with mtime 1744011116.7263272
File C:\Users\Andrei2\PycharmProjects\djangoProject8\.venv\Lib\site-packages\django\core\wsgi.py first seen with mtime 1744011255.5246418
File C:\Users\Andrei2\PycharmProjects\djangoProject8\.venv\Lib\site-packages\dotenv\__init__.py first seen with mtime 1744640427.3607333
File C:\Users\Andrei2\AppData\Local\Programs\Python\Python313\Lib\json\__init__.py first seen with mtime 1728286008.0
File C:\Users\Andrei2\AppData\Local\Programs\Python\Python313\Lib\copyreg.py first seen with mtime 1728286008.0
File C:\Users\Andrei2\AppData\Local\Programs\Python\Python313\Lib\shutil.py first seen with mtime 1728286008.0
File C:\Users\Andrei2\PycharmProjects\djangoProject8\.venv\Lib\site-packages\django\core\serializers\base.py first seen with mtime 1744011255.6188288
File C:\Users\Andrei2\AppData\Local\Programs\Python\Python313\Lib\base64.py first seen with mtime 1728286008.0
File C:\Users\Andrei2\AppData\Local\Programs\Python\Python313\Lib\dis.py first seen with mtime 1728286008.0
File C:\Users\Andrei2\PycharmProjects\djangoProject8\.venv\Lib\site-packages\django\contrib\contenttypes\__init__.py first seen with mtime 1744011253.532598
File C:\Users\Andrei2\PycharmProjects\djangoProject8\.venv\Lib\site-packages\django\utils\version.py first seen with mtime 1744011255.96546
File C:\Users\Andrei2\PycharmProjects\djangoProject8\.venv\Lib\site-packages\django\contrib\auth\apps.py first seen with mtime 1744011253.2272797
File C:\Users\Andrei2\PycharmProjects\djangoProject8\.venv\Lib\site-packages\django\templatetags\l10n.py first seen with mtime 1744011255.9158452
File C:\Users\Andrei2\AppData\Local\Programs\Python\Python313\Lib\asyncio\timeouts.py first seen with mtime 1728286008.0
File C:\Users\Andrei2\PycharmProjects\djangoProject8\.venv\Lib\site-packages\django\contrib\sessions\apps.py first seen with mtime 1744011254.9702022
File C:\Users\Andrei2\PycharmProjects\djangoProject8\.venv\Lib\site-packages\django\db\models\functions\comparison.py first seen with mtime 1744011255.76416
File C:\Users\Andrei2\PycharmProjects\djangoProject8\.venv\Lib\site-packages\rest_framework\utils\timezone.py first seen with mtime 1744011294.281151
File C:\Users\Andrei2\PycharmProjects\djangoProject8\.venv\Lib\site-packages\django\contrib\postgres\__init__.py first seen with mtime 1744011254.559324
File C:\Users\Andrei2\AppData\Local\Programs\Python\Python313\Lib\opcode.py first seen with mtime 1728286008.0
File C:\Users\Andrei2\AppData\Local\Programs\Python\Python313\Lib\http\cookies.py first seen with mtime 1728286008.0
File C:\Users\Andrei2\PycharmProjects\djangoProject8\.venv\Lib\site-packages\django\core\serializers\python.py first seen with mtime 1744011255.621268
File C:\Users\Andrei2\PycharmProjects\djangoProject8\.venv\Lib\site-packages\psycopg\_copy.py first seen with mtime 1744012653.6895852
File C:\Users\Andrei2\PycharmProjects\djangoProject8\.venv\Lib\site-packages\psycopg\types\__init__.py first seen with mtime 1744012653.7407522
File C:\Users\Andrei2\PycharmProjects\djangoProject8\.venv\Lib\site-packages\uritemplate\api.py first seen with mtime 1744011697.938955
File C:\Users\Andrei2\PycharmProjects\djangoProject8\.venv\Lib\site-packages\django\core\files\storage\base.py first seen with mtime 1744011255.562496
File C:\Users\Andrei2\PycharmProjects\djangoProject8\.venv\Lib\site-packages\rest_framework\request.py first seen with mtime 1744011294.0303876
File C:\Users\Andrei2\PycharmProjects\djangoProject8\.venv\Lib\site-packages\sqlparse\filters\__init__.py first seen with mtime 1744013322.5255833
File C:\Users\Andrei2\PycharmProjects\djangoProject8\.venv\Lib\site-packages\django\middleware\security.py first seen with mtime 1744011255.8906407
File C:\Users\Andrei2\PycharmProjects\djangoProject8\.venv\Lib\site-packages\django\apps\__init__.py first seen with mtime 1744011251.9979253
File C:\Users\Andrei2\PycharmProjects\djangoProject8\.venv\Lib\site-packages\django\template\base.py first seen with mtime 1744011255.893636
File C:\Users\Andrei2\PycharmProjects\djangoProject8\.venv\Lib\site-packages\psycopg_binary\__init__.py first seen with mtime 1744012662.575135
File C:\Users\Andrei2\PycharmProjects\djangoProject8\.venv\Lib\site-packages\django\core\handlers\base.py first seen with mtime 1744011255.5702605
File C:\Users\Andrei2\PycharmProjects\djangoProject8\.venv\Lib\site-packages\django\db\backends\utils.py first seen with mtime 1744011255.6331494
File C:\Users\Andrei2\PycharmProjects\djangoProject8\.venv\Lib\site-packages\django\views\i18n.py first seen with mtime 1744011255.9755764
File C:\Users\Andrei2\PycharmProjects\djangoProject8\.venv\Lib\site-packages\django\core\checks\registry.py first seen with mtime 1744011255.5427604
File C:\Users\Andrei2\PycharmProjects\djangoProject8\.venv\Lib\site-packages\sqlparse\keywords.py first seen with mtime 1744013322.5164492
File C:\Users\Andrei2\AppData\Local\Programs\Python\Python313\Lib\importlib\resources\readers.py first seen with mtime 1728286008.0
File C:\Users\Andrei2\PycharmProjects\djangoProject8\.venv\Lib\site-packages\rest_framework\compat.py first seen with mtime 1744011294.0149097
File C:\Users\Andrei2\AppData\Local\Programs\Python\Python313\Lib\tokenize.py first seen with mtime 1728286008.0
File C:\Users\Andrei2\PycharmProjects\djangoProject8\.venv\Lib\site-packages\django\contrib\auth\validators.py first seen with mtime 1744011253.2413397
File C:\Users\Andrei2\AppData\Local\Programs\Python\Python313\Lib\email\feedparser.py first seen with mtime 1728286008.0
File C:\Users\Andrei2\PycharmProjects\djangoProject8\.venv\Lib\site-packages\django\urls\converters.py first seen with mtime 1744011255.9269593
File C:\Users\Andrei2\PycharmProjects\djangoProject8\.venv\Lib\site-packages\django\db\models\constraints.py first seen with mtime 1744011255.7334652
File C:\Users\Andrei2\PycharmProjects\djangoProject8\.venv\Lib\site-packages\django\template\defaulttags.py first seen with mtime 1744011255.8977375
File C:\Users\Andrei2\AppData\Local\Programs\Python\Python313\Lib\email\__init__.py first seen with mtime 1728286008.0
File C:\Users\Andrei2\PycharmProjects\djangoProject8\.venv\Lib\site-packages\django\contrib\admin\views\main.py first seen with mtime 1744011252.9652672
File C:\Users\Andrei2\AppData\Local\Programs\Python\Python313\Lib\zipfile\__init__.py first seen with mtime 1728286008.0
File C:\Users\Andrei2\AppData\Local\Programs\Python\Python313\Lib\encodings\cp1251.py first seen with mtime 1728286008.0
File C:\Users\Andrei2\AppData\Local\Programs\Python\Python313\Lib\heapq.py first seen with mtime 1728286008.0
File C:\Users\Andrei2\AppData\Local\Programs\Python\Python313\Lib\asyncio\threads.py first seen with mtime 1728286008.0
File C:\Users\Andrei2\PycharmProjects\djangoProject8\.venv\Lib\site-packages\django\db\backends\postgresql\schema.py first seen with mtime 1744011255.6803534
File C:\Users\Andrei2\AppData\Local\Programs\Python\Python313\Lib\asyncio\subprocess.py first seen with mtime 1728286008.0
File C:\Users\Andrei2\PycharmProjects\djangoProject8\.venv\Lib\site-packages\django\db\models\functions\window.py first seen with mtime 1744011255.7694516
File C:\Users\Andrei2\PycharmProjects\djangoProject8\.venv\Lib\site-packages\rest_framework\apps.py first seen with mtime 1744011294.012573
File C:\Users\Andrei2\AppData\Local\Programs\Python\Python313\Lib\asyncio\base_subprocess.py first seen with mtime 1728286008.0
File C:\Users\Andrei2\PycharmProjects\djangoProject8\.venv\Lib\site-packages\django\db\models\query_utils.py first seen with mtime 1744011255.7428155
File C:\Users\Andrei2\PycharmProjects\djangoProject8\.venv\Lib\site-packages\uritemplate\template.py first seen with mtime 1744011697.9435613
File C:\Users\Andrei2\PycharmProjects\djangoProject8\.venv\Lib\site-packages\django\db\backends\ddl_references.py first seen with mtime 1744011255.63103
File C:\Users\Andrei2\PycharmProjects\djangoProject8\.venv\Lib\site-packages\sqlparse\engine\statement_splitter.py first seen with mtime 1744013322.5242453
File C:\Users\Andrei2\PycharmProjects\djangoProject8\.venv\Lib\site-packages\django\contrib\messages\utils.py first seen with mtime 1744011254.5539296
File C:\Users\Andrei2\AppData\Local\Programs\Python\Python313\Lib\_compat_pickle.py first seen with mtime 1728286008.0
File C:\Users\Andrei2\PycharmProjects\djangoProject8\.venv\Lib\site-packages\pytz\exceptions.py first seen with mtime 1744012754.684513
File C:\Users\Andrei2\PycharmProjects\djangoProject8\.venv\Lib\site-packages\django\db\backends\postgresql\introspection.py first seen with mtime 1744011255.67636
File C:\Users\Andrei2\PycharmProjects\djangoProject8\.venv\Lib\site-packages\django\core\serializers\__init__.py first seen with mtime 1744011255.6178274
File C:\Users\Andrei2\PycharmProjects\djangoProject8\.venv\Lib\site-packages\django\utils\ipv6.py first seen with mtime 1744011255.9498057
File C:\Users\Andrei2\PycharmProjects\djangoProject8\.venv\Lib\site-packages\sqlparse\filters\right_margin.py first seen with mtime 1744013322.5302691
File C:\Users\Andrei2\PycharmProjects\djangoProject8\.venv\Lib\site-packages\urllib3\util\connection.py first seen with mtime 1744013362.698194
File C:\Users\Andrei2\PycharmProjects\djangoProject8\.venv\Lib\site-packages\sqlparse\utils.py first seen with mtime 1744013322.5206127
File C:\Users\Andrei2\PycharmProjects\djangoProject8\.venv\Lib\site-packages\django\utils\deconstruct.py first seen with mtime 1744011255.9393237
File C:\Users\Andrei2\PycharmProjects\djangoProject8\.venv\Lib\site-packages\psycopg\__init__.py first seen with mtime 1744012653.6778193
File C:\Users\Andrei2\PycharmProjects\djangoProject8\.venv\Lib\site-packages\sqlparse\filters\aligned_indent.py first seen with mtime 1744013322.5268743
File C:\Users\Andrei2\PycharmProjects\djangoProject8\.venv\Lib\site-packages\django\db\models\lookups.py first seen with mtime 1744011255.7384634
File C:\Users\Andrei2\PycharmProjects\djangoProject8\.venv\Lib\site-packages\sqlparse\exceptions.py first seen with mtime 1744013322.5139492
File C:\Users\Andrei2\PycharmProjects\djangoProject8\.venv\Lib\site-packages\django\contrib\contenttypes\models.py first seen with mtime 1744011253.5377216
File C:\Users\Andrei2\AppData\Local\Programs\Python\Python313\Lib\email\encoders.py first seen with mtime 1728286008.0
File C:\Users\Andrei2\PycharmProjects\djangoProject8\.venv\Lib\site-packages\django\contrib\admin\templatetags\__init__.py first seen with mtime 1744011252.9559813
File C:\Users\Andrei2\PycharmProjects\djangoProject8\.venv\Lib\site-packages\django\core\checks\files.py first seen with mtime 1744011255.5401583
File C:\Users\Andrei2\AppData\Local\Programs\Python\Python313\Lib\importlib\metadata\_functools.py first seen with mtime 1728286008.0
File C:\Users\Andrei2\AppData\Local\Programs\Python\Python313\Lib\string.py first seen with mtime 1728286008.0
File C:\Users\Andrei2\PycharmProjects\djangoProject8\.venv\Lib\site-packages\django\db\models\sql\datastructures.py first seen with mtime 1744011255.774477
File C:\Users\Andrei2\PycharmProjects\djangoProject8\.venv\Lib\site-packages\django\core\files\storage\handler.py first seen with mtime 1744011255.564984
File C:\Users\Andrei2\AppData\Local\Programs\Python\Python313\Lib\platform.py first seen with mtime 1728286008.0
File C:\Users\Andrei2\PycharmProjects\djangoProject8\.venv\Lib\site-packages\django\template\defaultfilters.py first seen with mtime 1744011255.8957367
File C:\Users\Andrei2\PycharmProjects\djangoProject8\.venv\Lib\site-packages\dotenv\parser.py first seen with mtime 1744640427.3665562
File C:\Users\Andrei2\PycharmProjects\djangoProject8\.venv\Lib\site-packages\sqlparse\cli.py first seen with mtime 1744013322.5129485
File C:\Users\Andrei2\AppData\Local\Programs\Python\Python313\Lib\zoneinfo\__init__.py first seen with mtime 1728286008.0
File C:\Users\Andrei2\PycharmProjects\djangoProject8\.venv\Lib\site-packages\rest_framework\schemas\generators.py first seen with mtime 1744011294.157081
File C:\Users\Andrei2\PycharmProjects\djangoProject8\.venv\Lib\site-packages\django\urls\__init__.py first seen with mtime 1744011255.9249597
File C:\Users\Andrei2\PycharmProjects\djangoProject8\mydogs\serializers.py first seen with mtime 1744641228.594879
File C:\Users\Andrei2\PycharmProjects\djangoProject8\.venv\Lib\site-packages\django\template\response.py first seen with mtime 1744011255.9017384
File C:\Users\Andrei2\PycharmProjects\djangoProject8\.venv\Lib\site-packages\django\core\files\temp.py first seen with mtime 1744011255.5574505
File C:\Users\Andrei2\PycharmProjects\djangoProject8\.venv\Lib\site-packages\urllib3\util\ssltransport.py first seen with mtime 1744013362.7045653
File C:\Users\Andrei2\PycharmProjects\djangoProject8\.venv\Lib\site-packages\environ\__init__.py first seen with mtime 1744011286.676367
File C:\Users\Andrei2\AppData\Local\Programs\Python\Python313\Lib\operator.py first seen with mtime 1728286008.0
File C:\Users\Andrei2\PycharmProjects\djangoProject8\.venv\Lib\site-packages\psycopg\connection_async.py first seen with mtime 1744012653.711278
File C:\Users\Andrei2\AppData\Local\Programs\Python\Python313\Lib\importlib\_abc.py first seen with mtime 1728286008.0
File C:\Users\Andrei2\PycharmProjects\djangoProject8\.venv\Lib\site-packages\django\conf\locale\__init__.py first seen with mtime 1744011252.01114
File C:\Users\Andrei2\PycharmProjects\djangoProject8\.venv\Lib\site-packages\django\contrib\admin\views\__init__.py first seen with mtime 1744011252.9626837
File C:\Users\Andrei2\PycharmProjects\djangoProject8\.venv\Lib\site-packages\psycopg\rows.py first seen with mtime 1744012653.7218485
File C:\Users\Andrei2\AppData\Local\Programs\Python\Python313\Lib\wsgiref\headers.py first seen with mtime 1728286008.0
File C:\Users\Andrei2\PycharmProjects\djangoProject8\.venv\Lib\site-packages\django\views\decorators\csrf.py first seen with mtime 1744011255.9796906
File C:\Users\Andrei2\PycharmProjects\djangoProject8\.venv\Lib\site-packages\django\core\paginator.py first seen with mtime 1744011255.5188677
File C:\Users\Andrei2\AppData\Local\Programs\Python\Python313\Lib\asyncio\selector_events.py first seen with mtime 1728286008.0
File C:\Users\Andrei2\AppData\Local\Programs\Python\Python313\Lib\linecache.py first seen with mtime 1728286008.0
File C:\Users\Andrei2\PycharmProjects\djangoProject8\.venv\Lib\site-packages\rest_framework\utils\json.py first seen with mtime 1744011294.2778196
File C:\Users\Andrei2\AppData\Local\Programs\Python\Python313\Lib\importlib\metadata\_meta.py first seen with mtime 1728286008.0
File C:\Users\Andrei2\AppData\Local\Programs\Python\Python313\Lib\random.py first seen with mtime 1728286008.0
File C:\Users\Andrei2\PycharmProjects\djangoProject8\.venv\Lib\site-packages\requests\__version__.py first seen with mtime 1743832080.2594714
File C:\Users\Andrei2\PycharmProjects\djangoProject8\.venv\Lib\site-packages\django\contrib\admin\templatetags\log.py first seen with mtime 1744011252.9615524
File C:\Users\Andrei2\PycharmProjects\djangoProject8\.venv\Lib\site-packages\urllib3\filepost.py first seen with mtime 1744013362.6785173
File C:\Users\Andrei2\PycharmProjects\djangoProject8\.venv\Lib\site-packages\django\db\models\manager.py first seen with mtime 1744011255.7394643
File C:\Users\Andrei2\PycharmProjects\djangoProject8\.venv\Lib\site-packages\rest_framework\utils\humanize_datetime.py first seen with mtime 1744011294.276477
File C:\Users\Andrei2\PycharmProjects\djangoProject8\.venv\Lib\site-packages\django\core\mail\message.py first seen with mtime 1744011255.5742614
File C:\Users\Andrei2\PycharmProjects\djangoProject8\.venv\Lib\site-packages\psycopg\_enums.py first seen with mtime 1744012653.6952198
File C:\Users\Andrei2\PycharmProjects\djangoProject8\.venv\Lib\site-packages\django\core\checks\caches.py first seen with mtime 1744011255.5389628
File C:\Users\Andrei2\AppData\Local\Programs\Python\Python313\Lib\zoneinfo\_common.py first seen with mtime 1728286008.0
File C:\Users\Andrei2\PycharmProjects\djangoProject8\.venv\Lib\site-packages\rest_framework\checks.py first seen with mtime 1744011294.0135903
File C:\Users\Andrei2\AppData\Local\Programs\Python\Python313\Lib\asyncio\constants.py first seen with mtime 1728286008.0
File C:\Users\Andrei2\PycharmProjects\djangoProject8\.venv\Lib\site-packages\django\core\files\utils.py first seen with mtime 1744011255.5604837
File C:\Users\Andrei2\AppData\Local\Programs\Python\Python313\Lib\pickle.py first seen with mtime 1728286008.0
File C:\Users\Andrei2\PycharmProjects\djangoProject8\.venv\Lib\site-packages\django\utils\functional.py first seen with mtime 1744011255.9455855
File C:\Users\Andrei2\PycharmProjects\djangoProject8\.venv\Lib\site-packages\django\db\models\fields\files.py first seen with mtime 1744011255.748295
File C:\Users\Andrei2\PycharmProjects\djangoProject8\.venv\Lib\site-packages\pygments\token.py first seen with mtime 1744012699.682955
File C:\Users\Andrei2\PycharmProjects\djangoProject8\.venv\Lib\site-packages\urllib3\util\ssl_match_hostname.py first seen with mtime 1744013362.7034442
File C:\Users\Andrei2\AppData\Local\Programs\Python\Python313\Lib\email\iterators.py first seen with mtime 1728286008.0
File C:\Users\Andrei2\PycharmProjects\djangoProject8\.venv\Lib\site-packages\django\template\smartif.py first seen with mtime 1744011255.9017384
File C:\Users\Andrei2\PycharmProjects\djangoProject8\.venv\Lib\site-packages\django\utils\duration.py first seen with mtime 1744011255.9423337
File C:\Users\Andrei2\PycharmProjects\djangoProject8\.venv\Lib\site-packages\psycopg\_cmodule.py first seen with mtime 1744012653.683098
File C:\Users\Andrei2\PycharmProjects\djangoProject8\.venv\Lib\site-packages\psycopg\_queries.py first seen with mtime 1744012653.7006667
File C:\Users\Andrei2\PycharmProjects\djangoProject8\.venv\Lib\site-packages\psycopg\errors.py first seen with mtime 1744012653.7174368
File C:\Users\Andrei2\PycharmProjects\djangoProject8\.venv\Lib\site-packages\django\db\models\base.py first seen with mtime 1744011255.7314658
File C:\Users\Andrei2\PycharmProjects\djangoProject8\.venv\Lib\site-packages\urllib3\util\timeout.py first seen with mtime 1744013362.705562
File C:\Users\Andrei2\PycharmProjects\djangoProject8\.venv\Lib\site-packages\django\db\models\functions\datetime.py first seen with mtime 1744011255.765163
File C:\Users\Andrei2\PycharmProjects\djangoProject8\.venv\Lib\site-packages\django\db\models\sql\constants.py first seen with mtime 1744011255.7734618
File C:\Users\Andrei2\AppData\Local\Programs\Python\Python313\Lib\concurrent\futures\__init__.py first seen with mtime 1728286008.0
File C:\Users\Andrei2\AppData\Local\Programs\Python\Python313\Lib\ctypes\util.py first seen with mtime 1728286008.0
File C:\Users\Andrei2\PycharmProjects\djangoProject8\.venv\Lib\site-packages\pygments\util.py first seen with mtime 1744012699.685459
File C:\Users\Andrei2\AppData\Local\Programs\Python\Python313\Lib\asyncio\coroutines.py first seen with mtime 1728286008.0
File C:\Users\Andrei2\PycharmProjects\djangoProject8\.venv\Lib\site-packages\environ\compat.py first seen with mtime 1744011286.677369
File C:\Users\Andrei2\PycharmProjects\djangoProject8\.venv\Lib\site-packages\django\template\loaders\__init__.py first seen with mtime 1744011255.9077418
File C:\Users\Andrei2\AppData\Local\Programs\Python\Python313\Lib\hashlib.py first seen with mtime 1728286008.0
File C:\Users\Andrei2\PycharmProjects\djangoProject8\.venv\Lib\site-packages\django\contrib\admin\options.py first seen with mtime 1744011252.3905263
File C:\Users\Andrei2\PycharmProjects\djangoProject8\.venv\Lib\site-packages\django\db\backends\postgresql\operations.py first seen with mtime 1744011255.6773567
File C:\Users\Andrei2\PycharmProjects\djangoProject8\.venv\Lib\site-packages\django\dispatch\__init__.py first seen with mtime 1744011255.7799313
File C:\Users\Andrei2\PycharmProjects\djangoProject8\.venv\Lib\site-packages\sqlparse\filters\reindent.py first seen with mtime 1744013322.5290291
File C:\Users\Andrei2\PycharmProjects\djangoProject8\.venv\Lib\site-packages\django\views\generic\detail.py first seen with mtime 1744011255.986964
File C:\Users\Andrei2\PycharmProjects\djangoProject8\.venv\Lib\site-packages\django\core\files\uploadedfile.py first seen with mtime 1744011255.5584538
File C:\Users\Andrei2\PycharmProjects\djangoProject8\.venv\Lib\site-packages\django\contrib\__init__.py first seen with mtime 1744011252.378253
File C:\Users\Andrei2\PycharmProjects\djangoProject8\.venv\Lib\site-packages\django\template\backends\__init__.py first seen with mtime 1744011255.9027367
File C:\Users\Andrei2\PycharmProjects\djangoProject8\.venv\Lib\site-packages\requests\_internal_utils.py first seen with mtime 1743832080.2594714
File C:\Users\Andrei2\AppData\Local\Programs\Python\Python313\Lib\_markupbase.py first seen with mtime 1728286008.0
File C:\Users\Andrei2\AppData\Local\Programs\Python\Python313\Lib\selectors.py first seen with mtime 1728286008.0
File C:\Users\Andrei2\PycharmProjects\djangoProject8\.venv\Lib\site-packages\rest_framework\utils\serializer_helpers.py first seen with mtime 1744011294.281151
File C:\Users\Andrei2\PycharmProjects\djangoProject8\djangoProject8\urls.py first seen with mtime 1743832080.5344362
File C:\Users\Andrei2\PycharmProjects\djangoProject8\.venv\Lib\site-packages\psycopg\types\numpy.py first seen with mtime 1744012653.7544167
File C:\Users\Andrei2\PycharmProjects\djangoProject8\.venv\Lib\site-packages\django\views\defaults.py first seen with mtime 1744011255.9745777
File C:\Users\Andrei2\PycharmProjects\djangoProject8\.venv\Lib\site-packages\django\conf\global_settings.py first seen with mtime 1744011252.0033257
File C:\Users\Andrei2\PycharmProjects\djangoProject8\.venv\Lib\site-packages\urllib3\util\proxy.py first seen with mtime 1744013362.699377
File C:\Users\Andrei2\PycharmProjects\djangoProject8\.venv\Lib\site-packages\django\core\management\color.py first seen with mtime 1744011255.5862615
File C:\Users\Andrei2\PycharmProjects\djangoProject8\.venv\Lib\site-packages\django\contrib\staticfiles\management\__init__.py first seen with mtime 1744011255.5090294
File C:\Users\Andrei2\AppData\Local\Programs\Python\Python313\Lib\email\mime\base.py first seen with mtime 1728286008.0
File C:\Users\Andrei2\AppData\Local\Programs\Python\Python313\Lib\importlib\resources\_common.py first seen with mtime 1728286008.0
File C:\Users\Andrei2\AppData\Local\Programs\Python\Python313\Lib\asyncio\transports.py first seen with mtime 1728286008.0
File C:\Users\Andrei2\PycharmProjects\djangoProject8\.venv\Lib\site-packages\rest_framework\views.py first seen with mtime 1744011294.0426743
File C:\Users\Andrei2\PycharmProjects\djangoProject8\.venv\Lib\site-packages\colorama\ansi.py first seen with mtime 1744011168.9564989
File C:\Users\Andrei2\AppData\Local\Programs\Python\Python313\Lib\email\policy.py first seen with mtime 1728286008.0
File C:\Users\Andrei2\AppData\Local\Programs\Python\Python313\Lib\asyncio\log.py first seen with mtime 1728286008.0
File C:\Users\Andrei2\AppData\Local\Programs\Python\Python313\Lib\reprlib.py first seen with mtime 1728286008.0
File C:\Users\Andrei2\PycharmProjects\djangoProject8\.venv\Lib\site-packages\django\core\management\__init__.py first seen with mtime 1744011255.5830395
File C:\Users\Andrei2\PycharmProjects\djangoProject8\.venv\Lib\site-packages\psycopg\_transformer.py first seen with mtime 1744012653.703172
File C:\Users\Andrei2\PycharmProjects\djangoProject8\mydogs\views.py first seen with mtime 1745073747.3110018
File C:\Users\Andrei2\AppData\Local\Programs\Python\Python313\Lib\email\utils.py first seen with mtime 1728286008.0
File C:\Users\Andrei2\AppData\Local\Programs\Python\Python313\Lib\importlib\abc.py first seen with mtime 1728286008.0
File C:\Users\Andrei2\PycharmProjects\djangoProject8\.venv\Lib\site-packages\requests\adapters.py first seen with mtime 1743832080.2594714
File C:\Users\Andrei2\PycharmProjects\djangoProject8\.venv\Lib\site-packages\sqlparse\sql.py first seen with mtime 1744013322.5178711
File C:\Users\Andrei2\PycharmProjects\djangoProject8\.venv\Lib\site-packages\django\db\models\utils.py first seen with mtime 1744011255.74482
File C:\Users\Andrei2\PycharmProjects\djangoProject8\.venv\Lib\site-packages\psycopg\_tz.py first seen with mtime 1744012653.7055895
File C:\Users\Andrei2\PycharmProjects\djangoProject8\.venv\Lib\site-packages\django\db\migrations\operations\base.py first seen with mtime 1744011255.7244658
File C:\Users\Andrei2\AppData\Local\Programs\Python\Python313\Lib\re\_casefix.py first seen with mtime 1728286008.0
File C:\Users\Andrei2\AppData\Local\Programs\Python\Python313\Lib\wsgiref\util.py first seen with mtime 1728286008.0
File C:\Users\Andrei2\PycharmProjects\djangoProject8\.venv\Lib\site-packages\django\contrib\postgres\fields\__init__.py first seen with mtime 1744011254.5730395
File C:\Users\Andrei2\PycharmProjects\djangoProject8\.venv\Lib\site-packages\django\contrib\sites\shortcuts.py first seen with mtime 1744011255.206216
File C:\Users\Andrei2\PycharmProjects\djangoProject8\.venv\Lib\site-packages\pygments\styles\_mapping.py first seen with mtime 1744012699.9211645
File C:\Users\Andrei2\PycharmProjects\djangoProject8\.venv\Lib\site-packages\django\contrib\contenttypes\views.py first seen with mtime 1744011253.5387316
File C:\Users\Andrei2\PycharmProjects\djangoProject8\.venv\Lib\site-packages\django\db\models\fields\related_descriptors.py first seen with mtime 1744011255.7545054
File C:\Users\Andrei2\PycharmProjects\djangoProject8\.venv\Lib\site-packages\idna\intranges.py first seen with mtime 1743832079.3673258
File C:\Users\Andrei2\AppData\Local\Programs\Python\Python313\Lib\wsgiref\simple_server.py first seen with mtime 1728286008.0
File C:\Users\Andrei2\AppData\Local\Programs\Python\Python313\Lib\ast.py first seen with mtime 1728286008.0
File C:\Users\Andrei2\PycharmProjects\djangoProject8\.venv\Lib\site-packages\django\contrib\admin\views\decorators.py first seen with mtime 1744011252.9642687
File C:\Users\Andrei2\PycharmProjects\djangoProject8\.venv\Lib\site-packages\django\db\backends\postgresql\psycopg_any.py first seen with mtime 1744011255.6793563
File C:\Users\Andrei2\PycharmProjects\djangoProject8\.venv\Lib\site-packages\django\template\loaders\cached.py first seen with mtime 1744011255.9097385
File C:\Users\Andrei2\PycharmProjects\djangoProject8\.venv\Lib\site-packages\rest_framework\schemas\inspectors.py first seen with mtime 1744011294.158081
File C:\Users\Andrei2\PycharmProjects\djangoProject8\.venv\Lib\site-packages\corsheaders\defaults.py first seen with mtime 1744011279.315893
File C:\Users\Andrei2\PycharmProjects\djangoProject8\.venv\Lib\site-packages\django\template\loader_tags.py first seen with mtime 1744011255.9007387
File C:\Users\Andrei2\PycharmProjects\djangoProject8\.venv\Lib\site-packages\urllib3\poolmanager.py first seen with mtime 1744013362.6795294
File C:\Users\Andrei2\PycharmProjects\djangoProject8\.venv\Lib\site-packages\psycopg\types\range.py first seen with mtime 1744012653.7544167
File C:\Users\Andrei2\AppData\Local\Programs\Python\Python313\Lib\asyncio\base_futures.py first seen with mtime 1728286008.0
File C:\Users\Andrei2\AppData\Local\Programs\Python\Python313\Lib\concurrent\futures\_base.py first seen with mtime 1728286008.0
File C:\Users\Andrei2\PycharmProjects\djangoProject8\.venv\Lib\site-packages\urllib3\_request_methods.py first seen with mtime 1744013362.6722207
File C:\Users\Andrei2\PycharmProjects\djangoProject8\.venv\Lib\site-packages\colorama\__init__.py first seen with mtime 1744011168.9555104
File C:\Users\Andrei2\AppData\Local\Programs\Python\Python313\Lib\calendar.py first seen with mtime 1728286008.0
File C:\Users\Andrei2\AppData\Local\Programs\Python\Python313\Lib\email\_parseaddr.py first seen with mtime 1728286008.0
File C:\Users\Andrei2\AppData\Local\Programs\Python\Python313\Lib\keyword.py first seen with mtime 1728286008.0
File C:\Users\Andrei2\PycharmProjects\djangoProject8\.venv\Lib\site-packages\psycopg\cursor.py first seen with mtime 1744012653.713725
File C:\Users\Andrei2\PycharmProjects\djangoProject8\.venv\Lib\site-packages\django\contrib\admin\widgets.py first seen with mtime 1744011252.3938963
File C:\Users\Andrei2\PycharmProjects\djangoProject8\.venv\Lib\site-packages\django\contrib\auth\backends.py first seen with mtime 1744011253.2272797
File C:\Users\Andrei2\PycharmProjects\djangoProject8\.venv\Lib\site-packages\psycopg\_struct.py first seen with mtime 1744012653.7006667
File C:\Users\Andrei2\AppData\Local\Programs\Python\Python313\Lib\contextlib.py first seen with mtime 1728286008.0
File C:\Users\Andrei2\AppData\Local\Programs\Python\Python313\Lib\email\message.py first seen with mtime 1728286008.0
File C:\Users\Andrei2\PycharmProjects\djangoProject8\.venv\Lib\site-packages\psycopg\adapt.py first seen with mtime 1744012653.70894
File C:\Users\Andrei2\AppData\Local\Programs\Python\Python313\Lib\types.py first seen with mtime 1728286008.0
File C:\Users\Andrei2\AppData\Local\Programs\Python\Python313\Lib\ctypes\wintypes.py first seen with mtime 1728286008.0
File C:\Users\Andrei2\PycharmProjects\djangoProject8\.venv\Lib\site-packages\psycopg\types\net.py first seen with mtime 1744012653.7510703
File C:\Users\Andrei2\PycharmProjects\djangoProject8\.venv\Lib\site-packages\django\utils\timezone.py first seen with mtime 1744011255.9634602
File C:\Users\Andrei2\AppData\Local\Programs\Python\Python313\Lib\encodings\__init__.py first seen with mtime 1728286008.0
File C:\Users\Andrei2\AppData\Local\Programs\Python\Python313\Lib\encodings\aliases.py first seen with mtime 1728286008.0
File C:\Users\Andrei2\PycharmProjects\djangoProject8\.venv\Lib\site-packages\django\http\cookie.py first seen with mtime 1744011255.8815472
File C:\Users\Andrei2\PycharmProjects\djangoProject8\.venv\Lib\site-packages\requests\exceptions.py first seen with mtime 1743832080.2651157
File C:\Users\Andrei2\PycharmProjects\djangoProject8\.venv\Lib\site-packages\django\templatetags\tz.py first seen with mtime 1744011255.91696
File C:\Users\Andrei2\PycharmProjects\djangoProject8\.venv\Lib\site-packages\django\contrib\postgres\fields\hstore.py first seen with mtime 1744011254.5740411
File C:\Users\Andrei2\PycharmProjects\djangoProject8\.venv\Lib\site-packages\pytz\tzinfo.py first seen with mtime 1744012754.6895628
File C:\Users\Andrei2\PycharmProjects\djangoProject8\.venv\Lib\site-packages\psycopg\_acompat.py first seen with mtime 1744012653.6792738
File C:\Users\Andrei2\PycharmProjects\djangoProject8\.venv\Lib\site-packages\pygments\formatters\__init__.py first seen with mtime 1744012699.6875894
File C:\Users\Andrei2\PycharmProjects\djangoProject8\.venv\Lib\site-packages\pygments\__init__.py first seen with mtime 1744012699.673222
File C:\Users\Andrei2\PycharmProjects\djangoProject8\.venv\Lib\site-packages\psycopg_binary\_psycopg.cp313-win_amd64.pyd first seen with mtime 1744012662.5728433
File C:\Users\Andrei2\PycharmProjects\djangoProject8\.venv\Lib\site-packages\django\core\files\storage\memory.py first seen with mtime 1744011255.5660055
File C:\Users\Andrei2\AppData\Local\Programs\Python\Python313\Lib\asyncio\staggered.py first seen with mtime 1728286008.0
File C:\Users\Andrei2\PycharmProjects\djangoProject8\.venv\Lib\site-packages\django\core\mail\utils.py first seen with mtime 1744011255.5752604
File C:\Users\Andrei2\PycharmProjects\djangoProject8\.venv\Lib\site-packages\django\utils\deprecation.py first seen with mtime 1744011255.9413338
File C:\Users\Andrei2\AppData\Local\Programs\Python\Python313\Lib\asyncio\events.py first seen with mtime 1728286008.0
File C:\Users\Andrei2\PycharmProjects\djangoProject8\.venv\Lib\site-packages\psycopg\_oids.py first seen with mtime 1744012653.696447
File C:\Users\Andrei2\AppData\Local\Programs\Python\Python313\Lib\dataclasses.py first seen with mtime 1728286008.0
File C:\Users\Andrei2\PycharmProjects\djangoProject8\.venv\Lib\site-packages\django\contrib\admindocs\views.py first seen with mtime 1744011252.9696183
File C:\Users\Andrei2\PycharmProjects\djangoProject8\.venv\Lib\site-packages\django\db\backends\postgresql\features.py first seen with mtime 1744011255.675247
File C:\Users\Andrei2\PycharmProjects\djangoProject8\.venv\Lib\site-packages\django\utils\text.py first seen with mtime 1744011255.962458
File C:\Users\Andrei2\PycharmProjects\djangoProject8\.venv\Lib\site-packages\psycopg\pq\__init__.py first seen with mtime 1744012653.7311625
File C:\Users\Andrei2\PycharmProjects\djangoProject8\.venv\Lib\site-packages\django\utils\module_loading.py first seen with mtime 1744011255.9568074
File C:\Users\Andrei2\AppData\Local\Programs\Python\Python313\Lib\weakref.py first seen with mtime 1728286008.0
File C:\Users\Andrei2\PycharmProjects\djangoProject8\.venv\Lib\site-packages\django\contrib\staticfiles\__init__.py first seen with mtime 1744011255.4999135
File C:\Users\Andrei2\AppData\Local\Programs\Python\Python313\Lib\asyncio\windows_events.py first seen with mtime 1728286008.0
File C:\Users\Andrei2\PycharmProjects\djangoProject8\.venv\Lib\site-packages\django\template\backends\base.py first seen with mtime 1744011255.903738
File C:\Users\Andrei2\PycharmProjects\djangoProject8\.venv\Lib\site-packages\django\contrib\messages\__init__.py first seen with mtime 1744011254.5489318
File C:\Users\Andrei2\PycharmProjects\djangoProject8\.venv\Lib\site-packages\django\contrib\staticfiles\management\commands\runserver.py first seen with mtime 1744011255.513269
File C:\Users\Andrei2\AppData\Local\Programs\Python\Python313\Lib\ipaddress.py first seen with mtime 1728286008.0
File C:\Users\Andrei2\PycharmProjects\djangoProject8\.venv\Lib\site-packages\django\views\generic\base.py first seen with mtime 1744011255.9848232
File C:\Users\Andrei2\PycharmProjects\djangoProject8\.venv\Lib\site-packages\pygments\filters\__init__.py first seen with mtime 1744012699.6869383
File C:\Users\Andrei2\AppData\Local\Programs\Python\Python313\Lib\json\scanner.py first seen with mtime 1728286008.0
File C:\Users\Andrei2\PycharmProjects\djangoProject8\.venv\Lib\site-packages\rest_framework\utils\mediatypes.py first seen with mtime 1744011294.2788315
File C:\Users\Andrei2\PycharmProjects\djangoProject8\.venv\Lib\site-packages\django\utils\translation\__init__.py first seen with mtime 1744011255.9674602
File C:\Users\Andrei2\PycharmProjects\djangoProject8\.venv\Lib\site-packages\django\contrib\sites\requests.py first seen with mtime 1744011255.2052104
File C:\Users\Andrei2\PycharmProjects\djangoProject8\.venv\Lib\site-packages\django\template\autoreload.py first seen with mtime 1744011255.892637
File C:\Users\Andrei2\PycharmProjects\djangoProject8\.venv\Lib\site-packages\django\middleware\csrf.py first seen with mtime 1744011255.887637
File C:\Users\Andrei2\AppData\Local\Programs\Python\Python313\Lib\ctypes\__init__.py first seen with mtime 1728286008.0
File C:\Users\Andrei2\PycharmProjects\djangoProject8\.venv\Lib\site-packages\sqlparse\filters\output.py first seen with mtime 1744013322.5280132
File C:\Users\Andrei2\AppData\Local\Programs\Python\Python313\Lib\http\client.py first seen with mtime 1728286008.0
File C:\Users\Andrei2\PycharmProjects\djangoProject8\.venv\Lib\site-packages\django\db\backends\base\schema.py first seen with mtime 1744011255.6430607
File C:\Users\Andrei2\AppData\Local\Programs\Python\Python313\Lib\subprocess.py first seen with mtime 1728286008.0
File C:\Users\Andrei2\AppData\Local\Programs\Python\Python313\Lib\pathlib\_local.py first seen with mtime 1728286008.0
File C:\Users\Andrei2\AppData\Local\Programs\Python\Python313\Lib\socket.py first seen with mtime 1728286008.0
File C:\Users\Andrei2\AppData\Local\Programs\Python\Python313\Lib\json\decoder.py first seen with mtime 1728286008.0
File C:\Users\Andrei2\PycharmProjects\djangoProject8\.venv\Lib\site-packages\psycopg\cursor_async.py first seen with mtime 1744012653.715117
File C:\Users\Andrei2\PycharmProjects\djangoProject8\.venv\Lib\site-packages\django\contrib\staticfiles\checks.py first seen with mtime 1744011255.5020764
File C:\Users\Andrei2\PycharmProjects\djangoProject8\.venv\Lib\site-packages\django\forms\__init__.py first seen with mtime 1744011255.7819295
File C:\Users\Andrei2\AppData\Local\Programs\Python\Python313\Lib\hmac.py first seen with mtime 1728286008.0
File C:\Users\Andrei2\PycharmProjects\djangoProject8\.venv\Lib\site-packages\django\utils\log.py first seen with mtime 1744011255.9538112
File C:\Users\Andrei2\AppData\Local\Programs\Python\Python313\Lib\numbers.py first seen with mtime 1728286008.0
File C:\Users\Andrei2\AppData\Local\Programs\Python\Python313\Lib\http\cookiejar.py first seen with mtime 1728286008.0
File C:\Users\Andrei2\PycharmProjects\djangoProject8\.venv\Lib\site-packages\django\db\models\functions\text.py first seen with mtime 1744011255.76845
File C:\Users\Andrei2\PycharmProjects\djangoProject8\.venv\Lib\site-packages\django\utils\decorators.py first seen with mtime 1744011255.940338
File C:\Users\Andrei2\PycharmProjects\djangoProject8\.venv\Lib\site-packages\django\core\handlers\asgi.py first seen with mtime 1744011255.569262
File C:\Users\Andrei2\PycharmProjects\djangoProject8\.venv\Lib\site-packages\django\views\debug.py first seen with mtime 1744011255.973577
File C:\Users\Andrei2\PycharmProjects\djangoProject8\.venv\Lib\site-packages\psycopg\sql.py first seen with mtime 1744012653.7243383
File C:\Users\Andrei2\PycharmProjects\djangoProject8\.venv\Lib\site-packages\rest_framework\mixins.py first seen with mtime 1744011294.0234272
File C:\Users\Andrei2\AppData\Local\Programs\Python\Python313\Lib\typing.py first seen with mtime 1728286008.0
File C:\Users\Andrei2\PycharmProjects\djangoProject8\.venv\Lib\site-packages\psycopg\types\composite.py first seen with mtime 1744012653.7431324
File C:\Users\Andrei2\PycharmProjects\djangoProject8\djangoProject8\__init__.py first seen with mtime 1743832080.524211
File C:\Users\Andrei2\PycharmProjects\djangoProject8\.venv\Lib\site-packages\requests\certs.py first seen with mtime 1743832080.2651157
File C:\Users\Andrei2\PycharmProjects\djangoProject8\.venv\Lib\site-packages\pygments\plugin.py first seen with mtime 1744012699.6814983
File C:\Users\Andrei2\PycharmProjects\djangoProject8\.venv\Lib\site-packages\charset_normalizer\legacy.py first seen with mtime 1744011158.5489416
File C:\Users\Andrei2\PycharmProjects\djangoProject8\.venv\Lib\site-packages\django\contrib\postgres\utils.py first seen with mtime 1744011254.5678685
File C:\Users\Andrei2\PycharmProjects\djangoProject8\.venv\Lib\site-packages\django\core\checks\compatibility\django_4_0.py first seen with mtime 1744011255.5474434
File C:\Users\Andrei2\PycharmProjects\djangoProject8\.venv\Lib\site-packages\django\db\backends\signals.py first seen with mtime 1744011255.6321492
File C:\Users\Andrei2\AppData\Local\Programs\Python\Python313\Lib\email\parser.py first seen with mtime 1728286008.0
File C:\Users\Andrei2\PycharmProjects\djangoProject8\.venv\Lib\site-packages\rest_framework\utils\formatting.py first seen with mtime 1744011294.275467
File C:\Users\Andrei2\AppData\Local\Programs\Python\Python313\Lib\token.py first seen with mtime 1728286008.0
File C:\Users\Andrei2\PycharmProjects\djangoProject8\.venv\Lib\site-packages\idna\__init__.py first seen with mtime 1743832079.3512645
File C:\Users\Andrei2\AppData\Local\Programs\Python\Python313\Lib\email\mime\message.py first seen with mtime 1728286008.0
File C:\Users\Andrei2\AppData\Local\Programs\Python\Python313\DLLs\_bz2.pyd first seen with mtime 1728286046.0
File C:\Users\Andrei2\PycharmProjects\djangoProject8\.venv\Lib\site-packages\django\db\backends\postgresql\__init__.py first seen with mtime 1744011255.669968
File C:\Users\Andrei2\PycharmProjects\djangoProject8\.venv\Lib\site-packages\django\urls\base.py first seen with mtime 1744011255.9249597
File C:\Users\Andrei2\PycharmProjects\djangoProject8\.venv\Lib\site-packages\django\forms\forms.py first seen with mtime 1744011255.7859302
File C:\Users\Andrei2\PycharmProjects\djangoProject8\.venv\Lib\site-packages\django\contrib\staticfiles\finders.py first seen with mtime 1744011255.5020764
File C:\Users\Andrei2\PycharmProjects\djangoProject8\.venv\Lib\site-packages\django\core\cache\utils.py first seen with mtime 1744011255.5266516
File C:\Users\Andrei2\AppData\Local\Programs\Python\Python313\Lib\email\charset.py first seen with mtime 1728286008.0
File C:\Users\Andrei2\PycharmProjects\djangoProject8\.venv\Lib\site-packages\django\core\files\storage\mixins.py first seen with mtime 1744011255.5670178
File C:\Users\Andrei2\PycharmProjects\djangoProject8\mydogs\__init__.py first seen with mtime 1743832080.541223
File C:\Users\Andrei2\PycharmProjects\djangoProject8\.venv\Lib\site-packages\urllib3\util\request.py first seen with mtime 1744013362.699377
File C:\Users\Andrei2\PycharmProjects\djangoProject8\.venv\Lib\site-packages\django\core\signing.py first seen with mtime 1744011255.5226228
File C:\Users\Andrei2\PycharmProjects\djangoProject8\.venv\Lib\site-packages\django\urls\utils.py first seen with mtime 1744011255.9291067
File C:\Users\Andrei2\PycharmProjects\djangoProject8\.venv\Lib\site-packages\sqlparse\engine\grouping.py first seen with mtime 1744013322.523234
File C:\Users\Andrei2\AppData\Local\Programs\Python\Python313\Lib\re\_parser.py first seen with mtime 1728286008.0
File C:\Users\Andrei2\AppData\Local\Programs\Python\Python313\Lib\ctypes\_endian.py first seen with mtime 1728286008.0
File C:\Users\Andrei2\AppData\Local\Programs\Python\Python313\DLLs\_uuid.pyd first seen with mtime 1728286046.0
File C:\Users\Andrei2\PycharmProjects\djangoProject8\.venv\Lib\site-packages\django\core\cache\backends\filebased.py first seen with mtime 1744011255.531654
File C:\Users\Andrei2\PycharmProjects\djangoProject8\.venv\Lib\site-packages\django\contrib\admin\exceptions.py first seen with mtime 1744011252.3841279
File C:\Users\Andrei2\PycharmProjects\djangoProject8\.venv\Lib\site-packages\pygments\lexer.py first seen with mtime 1744012699.6803615
File C:\Users\Andrei2\PycharmProjects\djangoProject8\.venv\Lib\site-packages\urllib3\http2\probe.py first seen with mtime 1744013362.6961608
File C:\Users\Andrei2\AppData\Local\Programs\Python\Python313\Lib\asyncio\exceptions.py first seen with mtime 1728286008.0
File C:\Users\Andrei2\PycharmProjects\djangoProject8\.venv\Lib\site-packages\django\utils\regex_helper.py first seen with mtime 1744011255.958807
File C:\Users\Andrei2\PycharmProjects\djangoProject8\.venv\Lib\site-packages\django\views\generic\list.py first seen with mtime 1744011255.9889705
File C:\Users\Andrei2\AppData\Local\Programs\Python\Python313\Lib\pkgutil.py first seen with mtime 1728286008.0
File C:\Users\Andrei2\PycharmProjects\djangoProject8\.venv\Lib\site-packages\django\db\backends\base\base.py first seen with mtime 1744011255.636417
File C:\Users\Andrei2\PycharmProjects\djangoProject8\.venv\Lib\site-packages\urllib3\connection.py first seen with mtime 1744013362.6744502
File C:\Users\Andrei2\PycharmProjects\djangoProject8\.venv\Lib\site-packages\django\utils\html.py first seen with mtime 1744011255.946594
File C:\Users\Andrei2\AppData\Local\Programs\Python\Python313\Lib\pathlib\_abc.py first seen with mtime 1728286008.0
File C:\Users\Andrei2\PycharmProjects\djangoProject8\.venv\Lib\site-packages\django\db\backends\base\__init__.py first seen with mtime 1744011255.6331494
File C:\Users\Andrei2\AppData\Local\Programs\Python\Python313\Lib\decimal.py first seen with mtime 1728286008.0
File C:\Users\Andrei2\PycharmProjects\djangoProject8\.venv\Lib\site-packages\django\contrib\postgres\validators.py first seen with mtime 1744011254.5689316
File C:\Users\Andrei2\AppData\Local\Programs\Python\Python313\Lib\email\mime\__init__.py first seen with mtime 1728286008.0
File C:\Users\Andrei2\AppData\Local\Programs\Python\Python313\Lib\contextvars.py first seen with mtime 1728286008.0
File C:\Users\Andrei2\PycharmProjects\djangoProject8\.venv\Lib\site-packages\django\views\decorators\__init__.py first seen with mtime 1744011255.9766898
File C:\Users\Andrei2\PycharmProjects\djangoProject8\.venv\Lib\site-packages\urllib3\_collections.py first seen with mtime 1744013362.6702838
File C:\Users\Andrei2\PycharmProjects\djangoProject8\.venv\Lib\site-packages\django\views\decorators\debug.py first seen with mtime 1744011255.9806914
File C:\Users\Andrei2\AppData\Local\Programs\Python\Python313\Lib\logging\handlers.py first seen with mtime 1728286008.0
File C:\Users\Andrei2\AppData\Local\Programs\Python\Python313\Lib\asyncio\sslproto.py first seen with mtime 1728286008.0
File C:\Users\Andrei2\PycharmProjects\djangoProject8\.venv\Lib\site-packages\rest_framework\schemas\openapi.py first seen with mtime 1744011294.1591265
File C:\Users\Andrei2\PycharmProjects\djangoProject8\.venv\Lib\site-packages\rest_framework\templatetags\__init__.py first seen with mtime 1744011294.269551
File C:\Users\Andrei2\PycharmProjects\djangoProject8\.venv\Lib\site-packages\requests\hooks.py first seen with mtime 1743832080.2683997
File C:\Users\Andrei2\AppData\Local\Programs\Python\Python313\Lib\__future__.py first seen with mtime 1728286008.0
File C:\Users\Andrei2\PycharmProjects\djangoProject8\.venv\Lib\site-packages\django\contrib\staticfiles\management\commands\__init__.py first seen with mtime 1744011255.510029
File C:\Users\Andrei2\PycharmProjects\djangoProject8\.venv\Lib\site-packages\django\contrib\auth\admin.py first seen with mtime 1744011253.2252803
File C:\Users\Andrei2\PycharmProjects\djangoProject8\.venv\Lib\site-packages\psycopg\transaction.py first seen with mtime 1744012653.7243383
File C:\Users\Andrei2\PycharmProjects\djangoProject8\.venv\Lib\site-packages\csp\templatetags\csp.py first seen with mtime 1744011290.0056999
File C:\Users\Andrei2\PycharmProjects\djangoProject8\.venv\Lib\site-packages\sqlparse\filters\tokens.py first seen with mtime 1744013322.531377
File C:\Users\Andrei2\PycharmProjects\djangoProject8\.venv\Lib\site-packages\django\contrib\auth\models.py first seen with mtime 1744011253.2362535
File C:\Users\Andrei2\PycharmProjects\djangoProject8\.venv\Lib\site-packages\charset_normalizer\cd.py first seen with mtime 1744011158.5489416
File C:\Users\Andrei2\PycharmProjects\djangoProject8\.venv\Lib\site-packages\django\contrib\contenttypes\fields.py first seen with mtime 1744011253.5353298
File C:\Users\Andrei2\PycharmProjects\djangoProject8\.venv\Lib\site-packages\django\utils\translation\trans_real.py first seen with mtime 1744011255.9704607
File C:\Users\Andrei2\PycharmProjects\djangoProject8\.venv\Lib\site-packages\django\contrib\messages\storage\base.py first seen with mtime 1744011254.557314
File C:\Users\Andrei2\PycharmProjects\djangoProject8\.venv\Lib\site-packages\django\utils\termcolors.py first seen with mtime 1744011255.9610698
File C:\Users\Andrei2\PycharmProjects\djangoProject8\.venv\Lib\site-packages\psycopg\types\numeric.py first seen with mtime 1744012653.7520792
File C:\Users\Andrei2\PycharmProjects\djangoProject8\.venv\Lib\site-packages\django\contrib\admin\models.py first seen with mtime 1744011252.3880527
File C:\Users\Andrei2\PycharmProjects\djangoProject8\.venv\Lib\site-packages\django\contrib\auth\views.py first seen with mtime 1744011253.2413397
File C:\Users\Andrei2\PycharmProjects\djangoProject8\.venv\Lib\site-packages\urllib3\contrib\__init__.py first seen with mtime 1744013362.6825657
File C:\Users\Andrei2\PycharmProjects\djangoProject8\.venv\Lib\site-packages\charset_normalizer\constant.py first seen with mtime 1744011158.5489416
File C:\Users\Andrei2\AppData\Local\Programs\Python\Python313\Lib\email\generator.py first seen with mtime 1728286008.0
File C:\Users\Andrei2\PycharmProjects\djangoProject8\.venv\Lib\site-packages\django\contrib\staticfiles\views.py first seen with mtime 1744011255.5080318
File C:\Users\Andrei2\PycharmProjects\djangoProject8\.venv\Lib\site-packages\requests\auth.py first seen with mtime 1743832080.2651157
File C:\Users\Andrei2\PycharmProjects\djangoProject8\.venv\Lib\site-packages\pygments\formatters\_mapping.py first seen with mtime 1744012699.688861
File C:\Users\Andrei2\AppData\Local\Programs\Python\Python313\Lib\importlib\metadata\_itertools.py first seen with mtime 1728286008.0
File C:\Users\Andrei2\PycharmProjects\djangoProject8\.venv\Lib\site-packages\psycopg\_adapters_map.py first seen with mtime 1744012653.6804452
File C:\Users\Andrei2\AppData\Local\Programs\Python\Python313\Lib\warnings.py first seen with mtime 1728286008.0
File C:\Users\Andrei2\PycharmProjects\djangoProject8\.venv\Lib\site-packages\charset_normalizer\api.py first seen with mtime 1744011158.5452528
File C:\Users\Andrei2\PycharmProjects\djangoProject8\.venv\Lib\site-packages\django\core\files\uploadhandler.py first seen with mtime 1744011255.5594518
File C:\Users\Andrei2\PycharmProjects\djangoProject8\.venv\Lib\site-packages\django\template\loaders\base.py first seen with mtime 1744011255.9097385
File C:\Users\Andrei2\PycharmProjects\djangoProject8\.venv\Lib\site-packages\django\core\handlers\__init__.py first seen with mtime 1744011255.568246
File C:\Users\Andrei2\AppData\Local\Programs\Python\Python313\Lib\importlib\metadata\_adapters.py first seen with mtime 1728286008.0
File C:\Users\Andrei2\PycharmProjects\djangoProject8\.venv\Lib\site-packages\django\contrib\auth\management\__init__.py first seen with mtime 1744011253.5169606
File C:\Users\Andrei2\AppData\Local\Programs\Python\Python313\Lib\encodings\idna.py first seen with mtime 1728286008.0
File C:\Users\Andrei2\PycharmProjects\djangoProject8\.venv\Lib\site-packages\django\db\models\functions\__init__.py first seen with mtime 1744011255.7631607
File C:\Users\Andrei2\AppData\Local\Programs\Python\Python313\Lib\mimetypes.py first seen with mtime 1728286008.0
File C:\Users\Andrei2\PycharmProjects\djangoProject8\.venv\Lib\site-packages\rest_framework\exceptions.py first seen with mtime 1744011294.0174677
File C:\Users\Andrei2\PycharmProjects\djangoProject8\.venv\Lib\site-packages\django\core\cache\__init__.py first seen with mtime 1744011255.5256553
File C:\Users\Andrei2\PycharmProjects\djangoProject8\.venv\Lib\site-packages\django\contrib\admin\actions.py first seen with mtime 1744011252.380802
File C:\Users\Andrei2\AppData\Local\Programs\Python\Python313\Lib\asyncio\windows_utils.py first seen with mtime 1728286008.0
File C:\Users\Andrei2\AppData\Local\Programs\Python\Python313\DLLs\_queue.pyd first seen with mtime 1728286046.0
File C:\Users\Andrei2\AppData\Local\Programs\Python\Python313\Lib\email\base64mime.py first seen with mtime 1728286008.0
File C:\Users\Andrei2\PycharmProjects\djangoProject8\.venv\Lib\site-packages\rest_framework\utils\__init__.py first seen with mtime 1744011294.2718875
File C:\Users\Andrei2\PycharmProjects\djangoProject8\.venv\Lib\site-packages\asgiref\current_thread_executor.py first seen with mtime 1744009552.537484
File C:\Users\Andrei2\PycharmProjects\djangoProject8\.venv\Lib\site-packages\rest_framework\schemas\__init__.py first seen with mtime 1744011294.1550825
File C:\Users\Andrei2\PycharmProjects\djangoProject8\.venv\Lib\site-packages\django\core\management\commands\__init__.py first seen with mtime 1744011255.5907843
File C:\Users\Andrei2\AppData\Local\Programs\Python\Python313\Lib\zoneinfo\_tzpath.py first seen with mtime 1728286008.0
File C:\Users\Andrei2\PycharmProjects\djangoProject8\.venv\Lib\site-packages\django\views\generic\dates.py first seen with mtime 1744011255.9858239
File C:\Users\Andrei2\PycharmProjects\djangoProject8\.venv\Lib\site-packages\asgiref\__init__.py first seen with mtime 1744009552.5349772
File C:\Users\Andrei2\PycharmProjects\djangoProject8\.venv\Lib\site-packages\django\template\backends\django.py first seen with mtime 1744011255.9047415
File C:\Users\Andrei2\PycharmProjects\djangoProject8\.venv\Lib\site-packages\django\forms\fields.py first seen with mtime 1744011255.7849317
File C:\Users\Andrei2\AppData\Local\Programs\Python\Python313\Lib\logging\__init__.py first seen with mtime 1728286008.0
File C:\Users\Andrei2\PycharmProjects\djangoProject8\.venv\Lib\site-packages\django\db\models\fields\json.py first seen with mtime 1744011255.750294
File C:\Users\Andrei2\PycharmProjects\djangoProject8\.venv\Lib\site-packages\environ\environ.py first seen with mtime 1744011286.679536
File C:\Users\Andrei2\AppData\Local\Programs\Python\Python313\Lib\concurrent\futures\thread.py first seen with mtime 1728286008.0
File C:\Users\Andrei2\PycharmProjects\djangoProject8\.venv\Lib\site-packages\django\db\backends\base\introspection.py first seen with mtime 1744011255.640669
File C:\Users\Andrei2\PycharmProjects\djangoProject8\mydogs\apps.py first seen with mtime 1743832080.554012
File C:\Users\Andrei2\PycharmProjects\djangoProject8\.venv\Lib\site-packages\django\contrib\contenttypes\forms.py first seen with mtime 1744011253.5363412
File C:\Users\Andrei2\PycharmProjects\djangoProject8\.venv\Lib\site-packages\django\shortcuts.py first seen with mtime 1744011251.9969244
File C:\Users\Andrei2\PycharmProjects\djangoProject8\.venv\Lib\site-packages\django\core\handlers\wsgi.py first seen with mtime 1744011255.5722613
File C:\Users\Andrei2\PycharmProjects\djangoProject8\.venv\Lib\site-packages\django\contrib\messages\apps.py first seen with mtime 1744011254.54993
File C:\Users\Andrei2\PycharmProjects\djangoProject8\.venv\Lib\site-packages\psycopg\types\bool.py first seen with mtime 1744012653.7421098
File C:\Users\Andrei2\PycharmProjects\djangoProject8\djangoProject8\settings.py first seen with mtime 1745068590.079351
File C:\Users\Andrei2\PycharmProjects\djangoProject8\.venv\Lib\site-packages\django\middleware\__init__.py first seen with mtime 1744011255.8846335
File C:\Users\Andrei2\PycharmProjects\djangoProject8\.venv\Lib\site-packages\charset_normalizer\md__mypyc.cp313-win_amd64.pyd first seen with mtime 1744011158.5556886
File C:\Users\Andrei2\PycharmProjects\djangoProject8\.venv\Lib\site-packages\rest_framework\negotiation.py first seen with mtime 1744011294.0249293
File C:\Users\Andrei2\PycharmProjects\djangoProject8\.venv\Lib\site-packages\pygments\regexopt.py first seen with mtime 1744012699.6814983
File C:\Users\Andrei2\PycharmProjects\djangoProject8\.venv\Lib\site-packages\urllib3\connectionpool.py first seen with mtime 1744013362.6753616
File C:\Users\Andrei2\AppData\Local\Programs\Python\Python313\Lib\pathlib\__init__.py first seen with mtime 1728286008.0
File C:\Users\Andrei2\PycharmProjects\djangoProject8\.venv\Lib\site-packages\django\db\models\expressions.py first seen with mtime 1744011255.7364638
File C:\Users\Andrei2\AppData\Local\Programs\Python\Python313\Lib\email\mime\nonmultipart.py first seen with mtime 1728286008.0
File C:\Users\Andrei2\PycharmProjects\djangoProject8\.venv\Lib\site-packages\rest_framework\validators.py first seen with mtime 1744011294.0404513
File C:\Users\Andrei2\PycharmProjects\djangoProject8\.venv\Lib\site-packages\rest_framework\status.py first seen with mtime 1744011294.0364401
File C:\Users\Andrei2\PycharmProjects\djangoProject8\.venv\Lib\site-packages\django\utils\translation\reloader.py first seen with mtime 1744011255.9684672
File C:\Users\Andrei2\PycharmProjects\djangoProject8\.venv\Lib\site-packages\django\views\static.py first seen with mtime 1744011255.9755764
File C:\Users\Andrei2\AppData\Local\Programs\Python\Python313\Lib\html\parser.py first seen with mtime 1728286008.0
File C:\Users\Andrei2\PycharmProjects\djangoProject8\.venv\Lib\site-packages\django\db\models\indexes.py first seen with mtime 1744011255.737464
File C:\Users\Andrei2\PycharmProjects\djangoProject8\.venv\Lib\site-packages\django\core\handlers\exception.py first seen with mtime 1744011255.5712612
File C:\Users\Andrei2\AppData\Local\Programs\Python\Python313\Lib\email\_policybase.py first seen with mtime 1728286008.0
File C:\Users\Andrei2\PycharmProjects\djangoProject8\.venv\Lib\site-packages\django\forms\widgets.py first seen with mtime 1744011255.7910473
File C:\Users\Andrei2\AppData\Local\Programs\Python\Python313\Lib\gzip.py first seen with mtime 1728286008.0
File C:\Users\Andrei2\PycharmProjects\djangoProject8\.venv\Lib\site-packages\django\contrib\postgres\forms\array.py first seen with mtime 1744011254.5795877
File C:\Users\Andrei2\PycharmProjects\djangoProject8\.venv\Lib\site-packages\django\core\files\storage\__init__.py first seen with mtime 1744011255.5614939
File C:\Users\Andrei2\AppData\Local\Programs\Python\Python313\Lib\sysconfig\__init__.py first seen with mtime 1728286008.0
File C:\Users\Andrei2\PycharmProjects\djangoProject8\.venv\Lib\site-packages\django\core\checks\__init__.py first seen with mtime 1744011255.5366755
File C:\Users\Andrei2\PycharmProjects\djangoProject8\.venv\Lib\site-packages\django\db\__init__.py first seen with mtime 1744011255.6270304
File C:\Users\Andrei2\PycharmProjects\djangoProject8\.venv\Lib\site-packages\django\utils\dates.py first seen with mtime 1744011255.9393237
File C:\Users\Andrei2\PycharmProjects\djangoProject8\.venv\Lib\site-packages\django\core\checks\async_checks.py first seen with mtime 1744011255.5375602
File C:\Users\Andrei2\PycharmProjects\djangoProject8\.venv\Lib\site-packages\psycopg\_column.py first seen with mtime 1744012653.683098
File C:\Users\Andrei2\PycharmProjects\djangoProject8\.venv\Lib\site-packages\django\contrib\auth\__init__.py first seen with mtime 1744011253.2241235
File C:\Users\Andrei2\PycharmProjects\djangoProject8\.venv\Lib\site-packages\environ\fileaware_mapping.py first seen with mtime 1744011286.680538
File C:\Users\Andrei2\AppData\Local\Programs\Python\Python313\Lib\email\_encoded_words.py first seen with mtime 1728286008.0
File C:\Users\Andrei2\PycharmProjects\djangoProject8\.venv\Lib\site-packages\django\core\files\base.py first seen with mtime 1744011255.5540018
File C:\Users\Andrei2\PycharmProjects\djangoProject8\.venv\Lib\site-packages\psycopg\_capabilities.py first seen with mtime 1744012653.681915
File C:\Users\Andrei2\PycharmProjects\djangoProject8\.venv\Lib\site-packages\django\contrib\postgres\forms\__init__.py first seen with mtime 1744011254.57859
File C:\Users\Andrei2\AppData\Local\Programs\Python\Python313\Lib\bz2.py first seen with mtime 1728286008.0
File C:\Users\Andrei2\AppData\Local\Programs\Python\Python313\Lib\asyncio\format_helpers.py first seen with mtime 1728286008.0
File C:\Users\Andrei2\PycharmProjects\djangoProject8\.venv\Lib\site-packages\psycopg\_wrappers.py first seen with mtime 1744012653.706688
File C:\Users\Andrei2\AppData\Local\Programs\Python\Python313\Lib\uuid.py first seen with mtime 1728286008.0
File C:\Users\Andrei2\PycharmProjects\djangoProject8\.venv\Lib\site-packages\django\contrib\postgres\fields\jsonb.py first seen with mtime 1744011254.5754848
File C:\Users\Andrei2\PycharmProjects\djangoProject8\.venv\Lib\site-packages\urllib3\exceptions.py first seen with mtime 1744013362.6763706
File C:\Users\Andrei2\PycharmProjects\djangoProject8\.venv\Lib\site-packages\urllib3\fields.py first seen with mtime 1744013362.677357
File C:\Users\Andrei2\PycharmProjects\djangoProject8\.venv\Lib\site-packages\uritemplate\__init__.py first seen with mtime 1744011697.9376132
File C:\Users\Andrei2\PycharmProjects\djangoProject8\.venv\Lib\site-packages\django\core\cache\backends\__init__.py first seen with mtime 1744011255.527655
File C:\Users\Andrei2\AppData\Local\Programs\Python\Python313\DLLs\_ctypes.pyd first seen with mtime 1728286046.0
File C:\Users\Andrei2\PycharmProjects\djangoProject8\.venv\Lib\site-packages\_distutils_hack\__init__.py first seen with mtime 1744013256.5596921
File C:\Users\Andrei2\AppData\Local\Programs\Python\Python313\Lib\zipfile\_path\glob.py first seen with mtime 1728286008.0
File C:\Users\Andrei2\AppData\Local\Programs\Python\Python313\Lib\locale.py first seen with mtime 1728286008.0
File C:\Users\Andrei2\AppData\Local\Programs\Python\Python313\Lib\urllib\parse.py first seen with mtime 1728286008.0
File C:\Users\Andrei2\PycharmProjects\djangoProject8\.venv\Lib\site-packages\django\db\models\aggregates.py first seen with mtime 1744011255.730464
File C:\Users\Andrei2\PycharmProjects\djangoProject8\.venv\Lib\site-packages\django\dispatch\dispatcher.py first seen with mtime 1744011255.7799313
File C:\Users\Andrei2\PycharmProjects\djangoProject8\.venv\Lib\site-packages\django\core\management\base.py first seen with mtime 1744011255.585258
File C:\Users\Andrei2\PycharmProjects\djangoProject8\.venv\Lib\site-packages\django\templatetags\i18n.py first seen with mtime 1744011255.9148462
File C:\Users\Andrei2\PycharmProjects\djangoProject8\.venv\Lib\site-packages\rest_framework\metadata.py first seen with mtime 1744011294.0219712
File C:\Users\Andrei2\PycharmProjects\djangoProject8\.venv\Lib\site-packages\django\apps\config.py first seen with mtime 1744011251.9989264
File C:\Users\Andrei2\PycharmProjects\djangoProject8\.venv\Lib\site-packages\psycopg_binary\version.py first seen with mtime 1744012662.5674818
File C:\Users\Andrei2\AppData\Local\Programs\Python\Python313\Lib\stringprep.py first seen with mtime 1728286008.0
File C:\Users\Andrei2\PycharmProjects\djangoProject8\.venv\Lib\site-packages\django\contrib\admin\utils.py first seen with mtime 1744011252.392901
File C:\Users\Andrei2\AppData\Local\Programs\Python\Python313\Lib\_compression.py first seen with mtime 1728286008.0
File C:\Users\Andrei2\PycharmProjects\djangoProject8\.venv\Lib\site-packages\django\core\checks\security\__init__.py first seen with mtime 1744011255.5488348
File C:\Users\Andrei2\PycharmProjects\djangoProject8\.venv\Lib\site-packages\django\core\checks\urls.py first seen with mtime 1744011255.5464144
File C:\Users\Andrei2\PycharmProjects\djangoProject8\.venv\Lib\site-packages\certifi\__init__.py first seen with mtime 1744011116.716529
File C:\Users\Andrei2\PycharmProjects\djangoProject8\.venv\Lib\site-packages\django\core\serializers\json.py first seen with mtime 1744011255.6201797
File C:\Users\Andrei2\PycharmProjects\djangoProject8\.venv\Lib\site-packages\django\core\exceptions.py first seen with mtime 1744011255.5188677
File C:\Users\Andrei2\AppData\Local\Programs\Python\Python313\Lib\importlib\readers.py first seen with mtime 1728286008.0
File C:\Users\Andrei2\PycharmProjects\djangoProject8\.venv\Lib\site-packages\django\core\validators.py first seen with mtime 1744011255.5236237
File C:\Users\Andrei2\PycharmProjects\djangoProject8\.venv\Lib\site-packages\django\template\__init__.py first seen with mtime 1744011255.8916368
File C:\Users\Andrei2\PycharmProjects\djangoProject8\.venv\Lib\site-packages\pytz\lazy.py first seen with mtime 1744012754.6859424
File C:\Users\Andrei2\AppData\Local\Programs\Python\Python313\Lib\email\errors.py first seen with mtime 1728286008.0
File C:\Users\Andrei2\PycharmProjects\djangoProject8\.venv\Lib\site-packages\sqlparse\lexer.py first seen with mtime 1744013322.5178711
File C:\Users\Andrei2\AppData\Local\Programs\Python\Python313\Lib\urllib\__init__.py first seen with mtime 1728286008.0
File C:\Users\Andrei2\AppData\Local\Programs\Python\Python313\Lib\asyncio\futures.py first seen with mtime 1728286008.0
File C:\Users\Andrei2\PycharmProjects\djangoProject8\.venv\Lib\site-packages\django\contrib\admin\templatetags\admin_modify.py first seen with mtime 1744011252.9584255
File C:\Users\Andrei2\PycharmProjects\djangoProject8\.venv\Lib\site-packages\pygments\formatter.py first seen with mtime 1744012699.679364
File C:\Users\Andrei2\PycharmProjects\djangoProject8\.venv\Lib\site-packages\django\db\backends\base\validation.py first seen with mtime 1744011255.6430607
File C:\Users\Andrei2\AppData\Local\Programs\Python\Python313\Lib\re\_constants.py first seen with mtime 1728286008.0
File C:\Users\Andrei2\AppData\Local\Programs\Python\Python313\Lib\zipfile\_path\__init__.py first seen with mtime 1728286008.0
File C:\Users\Andrei2\PycharmProjects\djangoProject8\.venv\Lib\site-packages\django\template\exceptions.py first seen with mtime 1744011255.8987377
File C:\Users\Andrei2\AppData\Local\Programs\Python\Python313\Lib\html\entities.py first seen with mtime 1728286008.0
File C:\Users\Andrei2\AppData\Local\Programs\Python\Python313\Lib\asyncio\runners.py first seen with mtime 1728286008.0
File C:\Users\Andrei2\PycharmProjects\djangoProject8\.venv\Lib\site-packages\django\contrib\admin\filters.py first seen with mtime 1744011252.3841279
File C:\Users\Andrei2\PycharmProjects\djangoProject8\.venv\Lib\site-packages\django\utils\autoreload.py first seen with mtime 1744011255.9331062
File C:\Users\Andrei2\AppData\Local\Programs\Python\Python313\Lib\importlib\metadata\__init__.py first seen with mtime 1728286008.0
File C:\Users\Andrei2\PycharmProjects\djangoProject8\.venv\Lib\site-packages\psycopg\_pipeline.py first seen with mtime 1744012653.696447
File C:\Users\Andrei2\PycharmProjects\djangoProject8\.venv\Lib\site-packages\django\contrib\contenttypes\checks.py first seen with mtime 1744011253.5348196
File C:\Users\Andrei2\PycharmProjects\djangoProject8\.venv\Lib\site-packages\rest_framework\__init__.py first seen with mtime 1744011294.011365
File C:\Users\Andrei2\PycharmProjects\djangoProject8\.venv\Lib\site-packages\uritemplate\variable.py first seen with mtime 1744011697.9445605
File C:\Users\Andrei2\PycharmProjects\djangoProject8\.venv\Lib\site-packages\django\db\models\functions\math.py first seen with mtime 1744011255.766319
File C:\Users\Andrei2\PycharmProjects\djangoProject8\.venv\Lib\site-packages\corsheaders\__init__.py first seen with mtime 1744011279.3135061
File C:\Users\Andrei2\PycharmProjects\djangoProject8\.venv\Lib\site-packages\csp\__init__.py first seen with mtime 1744011289.9958494
File C:\Users\Andrei2\PycharmProjects\djangoProject8\.venv\Lib\site-packages\rest_framework\utils\encoders.py first seen with mtime 1744011294.2739608
File C:\Users\Andrei2\PycharmProjects\djangoProject8\.venv\Lib\site-packages\django\http\multipartparser.py first seen with mtime 1744011255.8825507
File C:\Users\Andrei2\PycharmProjects\djangoProject8\.venv\Lib\site-packages\psycopg\raw_cursor.py first seen with mtime 1744012653.7218485
File C:\Users\Andrei2\AppData\Local\Programs\Python\Python313\DLLs\_wmi.pyd first seen with mtime 1728286046.0
File C:\Users\Andrei2\AppData\Local\Programs\Python\Python313\Lib\_weakrefset.py first seen with mtime 1728286008.0
File C:\Users\Andrei2\AppData\Local\Programs\Python\Python313\Lib\tempfile.py first seen with mtime 1728286008.0
File C:\Users\Andrei2\AppData\Local\Programs\Python\Python313\Lib\wsgiref\__init__.py first seen with mtime 1728286008.0
File C:\Users\Andrei2\PycharmProjects\djangoProject8\.venv\Lib\site-packages\rest_framework\parsers.py first seen with mtime 1744011294.02717
File C:\Users\Andrei2\AppData\Local\Programs\Python\Python313\Lib\struct.py first seen with mtime 1728286008.0
File C:\Users\Andrei2\AppData\Local\Programs\Python\Python313\Lib\asyncio\mixins.py first seen with mtime 1728286008.0
File C:\Users\Andrei2\PycharmProjects\djangoProject8\.venv\Lib\site-packages\django\core\checks\security\sessions.py first seen with mtime 1744011255.5520017
File C:\Users\Andrei2\PycharmProjects\djangoProject8\.venv\Lib\site-packages\rest_framework\renderers.py first seen with mtime 1744011294.0303876
File C:\Users\Andrei2\PycharmProjects\djangoProject8\.venv\Lib\site-packages\psycopg\_copy_base.py first seen with mtime 1744012653.691762
File C:\Users\Andrei2\PycharmProjects\djangoProject8\.venv\Lib\site-packages\django\contrib\contenttypes\admin.py first seen with mtime 1744011253.5335944
File C:\Users\Andrei2\PycharmProjects\djangoProject8\.venv\Lib\site-packages\django\contrib\admin\decorators.py first seen with mtime 1744011252.3830392
File C:\Users\Andrei2\AppData\Local\Programs\Python\Python313\Lib\importlib\metadata\_text.py first seen with mtime 1728286008.0
File C:\Users\Andrei2\PycharmProjects\djangoProject8\.venv\Lib\site-packages\psycopg\_typemod.py first seen with mtime 1744012653.7045774
File C:\Users\Andrei2\PycharmProjects\djangoProject8\.venv\Lib\site-packages\django\contrib\auth\base_user.py first seen with mtime 1744011253.2287617
File C:\Users\Andrei2\PycharmProjects\djangoProject8\.venv\Lib\site-packages\colorama\win32.py first seen with mtime 1744011168.9596407
File C:\Users\Andrei2\PycharmProjects\djangoProject8\.venv\Lib\site-packages\asgiref\local.py first seen with mtime 1744009552.538977
File C:\Users\Andrei2\PycharmProjects\djangoProject8\.venv\Lib\site-packages\django\core\mail\__init__.py first seen with mtime 1744011255.57326
File C:\Users\Andrei2\PycharmProjects\djangoProject8\.venv\Lib\site-packages\django\utils\encoding.py first seen with mtime 1744011255.9433339
File C:\Users\Andrei2\AppData\Local\Programs\Python\Python313\Lib\asyncio\locks.py first seen with mtime 1728286008.0
File C:\Users\Andrei2\PycharmProjects\djangoProject8\.venv\Lib\site-packages\django\conf\__init__.py first seen with mtime 1744011252.001131
File C:\Users\Andrei2\AppData\Local\Programs\Python\Python313\Lib\http\server.py first seen with mtime 1728286008.0
File C:\Users\Andrei2\PycharmProjects\djangoProject8\.venv\Lib\site-packages\rest_framework\utils\html.py first seen with mtime 1744011294.276477
File C:\Users\Andrei2\PycharmProjects\djangoProject8\.venv\Lib\site-packages\sqlparse\__init__.py first seen with mtime 1744013322.5119338
File C:\Users\Andrei2\AppData\Local\Programs\Python\Python313\Lib\encodings\utf_8_sig.py first seen with mtime 1728286008.0
File C:\Users\Andrei2\PycharmProjects\djangoProject8\.venv\Lib\site-packages\django\contrib\admin\helpers.py first seen with mtime 1744011252.3880527
File C:\Users\Andrei2\PycharmProjects\djangoProject8\.venv\Lib\site-packages\psycopg\types\string.py first seen with mtime 1744012653.7570302
File C:\Users\Andrei2\PycharmProjects\djangoProject8\.venv\Lib\site-packages\rest_framework\serializers.py first seen with mtime 1744011294.0351198
File C:\Users\Andrei2\PycharmProjects\djangoProject8\.venv\Lib\site-packages\django\middleware\cache.py first seen with mtime 1744011255.8856363
File C:\Users\Andrei2\PycharmProjects\djangoProject8\.venv\Lib\site-packages\django\core\files\locks.py first seen with mtime 1744011255.5550017
File C:\Users\Andrei2\PycharmProjects\djangoProject8\.venv\Lib\site-packages\pygments\lexers\__init__.py first seen with mtime 1744012699.6992483
File C:\Users\Andrei2\AppData\Local\Programs\Python\Python313\Lib\re\__init__.py first seen with mtime 1728286008.0
File C:\Users\Andrei2\AppData\Local\Programs\Python\Python313\Lib\pprint.py first seen with mtime 1728286008.0
File C:\Users\Andrei2\PycharmProjects\djangoProject8\.venv\Lib\site-packages\psycopg\types\enum.py first seen with mtime 1744012653.7455583
File C:\Users\Andrei2\PycharmProjects\djangoProject8\.venv\Lib\site-packages\psycopg\connection.py first seen with mtime 1744012653.7102656
File C:\Users\Andrei2\PycharmProjects\djangoProject8\.venv\Lib\site-packages\django\db\utils.py first seen with mtime 1744011255.6290317
File C:\Users\Andrei2\PycharmProjects\djangoProject8\.venv\Lib\site-packages\django\contrib\postgres\lookups.py first seen with mtime 1744011254.5646775
File C:\Users\Andrei2\PycharmProjects\djangoProject8\.venv\Lib\site-packages\psycopg_binary\pq.cp313-win_amd64.pyd first seen with mtime 1744012662.5648732
File C:\Users\Andrei2\PycharmProjects\djangoProject8\.venv\Lib\site-packages\charset_normalizer\utils.py first seen with mtime 1744011158.5576992
File C:\Users\Andrei2\PycharmProjects\djangoProject8\.venv\Lib\site-packages\psycopg\client_cursor.py first seen with mtime 1744012653.70894
File C:\Users\Andrei2\PycharmProjects\djangoProject8\.venv\Lib\site-packages\rest_framework\generics.py first seen with mtime 1744011294.0219712
File C:\Users\Andrei2\PycharmProjects\djangoProject8\.venv\Lib\site-packages\psycopg\types\multirange.py first seen with mtime 1744012653.7500587
File C:\Users\Andrei2\AppData\Local\Programs\Python\Python313\Lib\threading.py first seen with mtime 1728286008.0
File C:\Users\Andrei2\AppData\Local\Programs\Python\Python313\Lib\functools.py first seen with mtime 1728286008.0
File C:\Users\Andrei2\AppData\Local\Programs\Python\Python313\Lib\asyncio\trsock.py first seen with mtime 1728286008.0
File C:\Users\Andrei2\PycharmProjects\djangoProject8\.venv\Lib\site-packages\django\contrib\contenttypes\apps.py first seen with mtime 1744011253.5335944
File C:\Users\Andrei2\AppData\Local\Programs\Python\Python313\DLLs\unicodedata.pyd first seen with mtime 1728286046.0
File C:\Users\Andrei2\AppData\Local\Programs\Python\Python313\Lib\asyncio\__init__.py first seen with mtime 1728286008.0
File C:\Users\Andrei2\PycharmProjects\djangoProject8\.venv\Lib\site-packages\django\utils\connection.py first seen with mtime 1744011255.9351046
File C:\Users\Andrei2\PycharmProjects\djangoProject8\.venv\Lib\site-packages\psycopg\generators.py first seen with mtime 1744012653.7184355
File C:\Users\Andrei2\AppData\Local\Programs\Python\Python313\Lib\difflib.py first seen with mtime 1728286008.0
File C:\Users\Andrei2\PycharmProjects\djangoProject8\.venv\Lib\site-packages\django\db\models\query.py first seen with mtime 1744011255.7418025
File C:\Users\Andrei2\PycharmProjects\djangoProject8\.venv\Lib\site-packages\django\http\request.py first seen with mtime 1744011255.8835483
File C:\Users\Andrei2\PycharmProjects\djangoProject8\.venv\Lib\site-packages\psycopg\types\none.py first seen with mtime 1744012653.7520792
File C:\Users\Andrei2\AppData\Local\Programs\Python\Python313\Lib\asyncio\streams.py first seen with mtime 1728286008.0
File C:\Users\Andrei2\AppData\Local\Programs\Python\Python313\Lib\wsgiref\handlers.py first seen with mtime 1728286008.0
File C:\Users\Andrei2\AppData\Local\Programs\Python\Python313\Lib\asyncio\tasks.py first seen with mtime 1728286008.0
File C:\Users\Andrei2\PycharmProjects\djangoProject8\.venv\Lib\site-packages\django\db\models\fields\generated.py first seen with mtime 1744011255.749296
File C:\Users\Andrei2\PycharmProjects\djangoProject8\.venv\Lib\site-packages\requests\packages.py first seen with mtime 1743832080.2683997
File C:\Users\Andrei2\PycharmProjects\djangoProject8\.venv\Lib\site-packages\rest_framework\schemas\coreapi.py first seen with mtime 1744011294.156082
File C:\Users\Andrei2\AppData\Local\Programs\Python\Python313\Lib\getpass.py first seen with mtime 1728286008.0
File C:\Users\Andrei2\AppData\Local\Programs\Python\Python313\DLLs\_overlapped.pyd first seen with mtime 1728286046.0
File C:\Users\Andrei2\AppData\Local\Programs\Python\Python313\DLLs\_decimal.pyd first seen with mtime 1728286046.0
File C:\Users\Andrei2\PycharmProjects\djangoProject8\.venv\Lib\site-packages\psycopg\_conninfo_utils.py first seen with mtime 1744012653.6885736
File C:\Users\Andrei2\PycharmProjects\djangoProject8\.venv\Lib\site-packages\django\db\models\__init__.py first seen with mtime 1744011255.729467
File C:\Users\Andrei2\PycharmProjects\djangoProject8\.venv\Lib\site-packages\django\forms\models.py first seen with mtime 1744011255.7890472
File C:\Users\Andrei2\PycharmProjects\djangoProject8\.venv\Lib\site-packages\django\db\backends\postgresql\client.py first seen with mtime 1744011255.6732318
File C:\Users\Andrei2\PycharmProjects\djangoProject8\.venv\Lib\site-packages\django\contrib\contenttypes\management\__init__.py first seen with mtime 1744011253.7517335
File C:\Users\Andrei2\PycharmProjects\djangoProject8\.venv\Lib\site-packages\django\contrib\admin\views\autocomplete.py first seen with mtime 1744011252.9632587
File C:\Users\Andrei2\PycharmProjects\djangoProject8\.venv\Lib\site-packages\django\db\backends\postgresql\base.py first seen with mtime 1744011255.6720917
File C:\Users\Andrei2\PycharmProjects\djangoProject8\.venv\Lib\site-packages\csp\templatetags\__init__.py first seen with mtime 1744011290.0056999
File C:\Users\Andrei2\PycharmProjects\djangoProject8\.venv\Lib\site-packages\django\core\checks\templates.py first seen with mtime 1744011255.544172
File C:\Users\Andrei2\PycharmProjects\djangoProject8\.venv\Lib\site-packages\psycopg\abc.py first seen with mtime 1744012653.7079277
File C:\Users\Andrei2\PycharmProjects\djangoProject8\.venv\Lib\site-packages\django\templatetags\__init__.py first seen with mtime 1744011255.9128494
File C:\Users\Andrei2\PycharmProjects\djangoProject8\.venv\Lib\site-packages\django\utils\timesince.py first seen with mtime 1744011255.9634602
File C:\Users\Andrei2\PycharmProjects\djangoProject8\mydogs\admin.py first seen with mtime 1744636147.6417513
File C:\Users\Andrei2\PycharmProjects\djangoProject8\.venv\Lib\site-packages\urllib3\http2\__init__.py first seen with mtime 1744013362.6941333
File C:\Users\Andrei2\PycharmProjects\djangoProject8\mydogs\models.py first seen with mtime 1744632688.5754273
File C:\Users\Andrei2\PycharmProjects\djangoProject8\.venv\Lib\site-packages\urllib3\__init__.py first seen with mtime 1744013362.6682725
File C:\Users\Andrei2\PycharmProjects\djangoProject8\.venv\Lib\site-packages\django\db\models\fields\related.py first seen with mtime 1744011255.7535057
File C:\Users\Andrei2\PycharmProjects\djangoProject8\.venv\Lib\site-packages\dotenv\variables.py first seen with mtime 1744640427.3665562
File C:\Users\Andrei2\PycharmProjects\djangoProject8\.venv\Lib\site-packages\pygments\styles\__init__.py first seen with mtime 1744012699.9211645
File C:\Users\Andrei2\PycharmProjects\djangoProject8\.venv\Lib\site-packages\django\contrib\auth\signals.py first seen with mtime 1744011253.238253
File C:\Users\Andrei2\PycharmProjects\djangoProject8\.venv\Lib\site-packages\rest_framework\utils\representation.py first seen with mtime 1744011294.2798362
File C:\Users\Andrei2\AppData\Local\Programs\Python\Python313\Lib\asyncio\protocols.py first seen with mtime 1728286008.0
File C:\Users\Andrei2\PycharmProjects\djangoProject8\.venv\Lib\site-packages\rest_framework\fields.py first seen with mtime 1744011294.0199015
File C:\Users\Andrei2\PycharmProjects\djangoProject8\.venv\Lib\site-packages\django\contrib\admindocs\__init__.py first seen with mtime 1744011252.9652672
File C:\Users\Andrei2\AppData\Local\Programs\Python\Python313\Lib\asyncio\base_tasks.py first seen with mtime 1728286008.0
File C:\Users\Andrei2\PycharmProjects\djangoProject8\.venv\Lib\site-packages\rest_framework\schemas\utils.py first seen with mtime 1744011294.1602523
File C:\Users\Andrei2\PycharmProjects\djangoProject8\.venv\Lib\site-packages\psycopg\_connection_info.py first seen with mtime 1744012653.6856623
File C:\Users\Andrei2\PycharmProjects\djangoProject8\.venv\Lib\site-packages\django\db\models\enums.py first seen with mtime 1744011255.735464
File C:\Users\Andrei2\PycharmProjects\djangoProject8\.venv\Lib\site-packages\pygments\formatters\html.py first seen with mtime 1744012699.6902936
File C:\Users\Andrei2\AppData\Local\Programs\Python\Python313\Lib\socketserver.py first seen with mtime 1728286008.0
File C:\Users\Andrei2\PycharmProjects\djangoProject8\.venv\Lib\site-packages\django\db\backends\base\creation.py first seen with mtime 1744011255.6386561
File C:\Users\Andrei2\PycharmProjects\djangoProject8\.venv\Lib\site-packages\pygments\lexers\_mapping.py first seen with mtime 1744012699.7111657
File C:\Users\Andrei2\PycharmProjects\djangoProject8\.venv\Lib\site-packages\rest_framework\viewsets.py first seen with mtime 1744011294.0431824
File C:\Users\Andrei2\PycharmProjects\djangoProject8\.venv\Lib\site-packages\django\utils\inspect.py first seen with mtime 1744011255.948595
File C:\Users\Andrei2\PycharmProjects\djangoProject8\.venv\Lib\site-packages\django\utils\__init__.py first seen with mtime 1744011255.9301054
File C:\Users\Andrei2\PycharmProjects\djangoProject8\.venv\Lib\site-packages\win32\lib\pywin32_bootstrap.py first seen with mtime 1744550033.0273569
File C:\Users\Andrei2\PycharmProjects\djangoProject8\.venv\Lib\site-packages\django\contrib\postgres\fields\array.py first seen with mtime 1744011254.5740411
File C:\Users\Andrei2\AppData\Local\Programs\Python\Python313\Lib\signal.py first seen with mtime 1728286008.0
File C:\Users\Andrei2\PycharmProjects\djangoProject8\.venv\Lib\site-packages\django\forms\formsets.py first seen with mtime 1744011255.786931
File C:\Users\Andrei2\AppData\Local\Programs\Python\Python313\Lib\importlib\__init__.py first seen with mtime 1728286008.0
File C:\Users\Andrei2\PycharmProjects\djangoProject8\.venv\Lib\site-packages\django\db\transaction.py first seen with mtime 1744011255.6280315
File C:\Users\Andrei2\PycharmProjects\djangoProject8\.venv\Lib\site-packages\django\contrib\admindocs\utils.py first seen with mtime 1744011252.9686108
File C:\Users\Andrei2\AppData\Local\Programs\Python\Python313\Lib\importlib\resources\_functional.py first seen with mtime 1728286008.0
File C:\Users\Andrei2\PycharmProjects\djangoProject8\.venv\Lib\site-packages\django\templatetags\static.py first seen with mtime 1744011255.9158452
File C:\Users\Andrei2\PycharmProjects\djangoProject8\.venv\Lib\site-packages\django\utils\dateformat.py first seen with mtime 1744011255.9371057
File C:\Users\Andrei2\PycharmProjects\djangoProject8\.venv\Lib\site-packages\psycopg\_typeinfo.py first seen with mtime 1744012653.703172
File C:\Users\Andrei2\PycharmProjects\djangoProject8\.venv\Lib\site-packages\idna\core.py first seen with mtime 1743832079.3673258
File C:\Users\Andrei2\AppData\Local\Programs\Python\Python313\Lib\bisect.py first seen with mtime 1728286008.0
File C:\Users\Andrei2\PycharmProjects\djangoProject8\.venv\Lib\site-packages\django\db\migrations\__init__.py first seen with mtime 1744011255.6907637
File C:\Users\Andrei2\PycharmProjects\djangoProject8\.venv\Lib\site-packages\django\apps\registry.py first seen with mtime 1744011252.000405
File C:\Users\Andrei2\AppData\Local\Programs\Python\Python313\Lib\urllib\error.py first seen with mtime 1728286008.0
File C:\Users\Andrei2\PycharmProjects\djangoProject8\.venv\Lib\site-packages\csp\utils.py first seen with mtime 1744011290.0023654
File C:\Users\Andrei2\PycharmProjects\djangoProject8\.venv\Lib\site-packages\rest_framework\decorators.py first seen with mtime 1744011294.016185
File C:\Users\Andrei2\PycharmProjects\djangoProject8\.venv\Lib\site-packages\django\db\migrations\state.py first seen with mtime 1744011255.7042575
File C:\Users\Andrei2\PycharmProjects\djangoProject8\.venv\Lib\site-packages\django\urls\conf.py first seen with mtime 1744011255.9259593
File C:\Users\Andrei2\PycharmProjects\djangoProject8\.venv\Lib\site-packages\psycopg\types\array.py first seen with mtime 1744012653.7407522
File C:\Users\Andrei2\AppData\Local\Programs\Python\Python313\Lib\queue.py first seen with mtime 1728286008.0
File C:\Users\Andrei2\AppData\Local\Programs\Python\Python313\Lib\email\header.py first seen with mtime 1728286008.0
File C:\Users\Andrei2\PycharmProjects\djangoProject8\.venv\Lib\site-packages\urllib3\util\wait.py first seen with mtime 1744013362.707616
File C:\Users\Andrei2\AppData\Local\Programs\Python\Python313\DLLs\_zoneinfo.pyd first seen with mtime 1728286046.0
File C:\Users\Andrei2\PycharmProjects\djangoProject8\.venv\Lib\site-packages\django\contrib\admin\apps.py first seen with mtime 1744011252.380802
File C:\Users\Andrei2\PycharmProjects\djangoProject8\.venv\Lib\site-packages\corsheaders\conf.py first seen with mtime 1744011279.315893
File C:\Users\Andrei2\PycharmProjects\djangoProject8\.venv\Lib\site-packages\requests\models.py first seen with mtime 1743832080.2683997
File C:\Users\Andrei2\PycharmProjects\djangoProject8\.venv\Lib\site-packages\django\db\models\fields\proxy.py first seen with mtime 1744011255.751296
File C:\Users\Andrei2\PycharmProjects\djangoProject8\.venv\Lib\site-packages\django\db\migrations\operations\fields.py first seen with mtime 1744011255.7264657
File C:\Users\Andrei2\PycharmProjects\djangoProject8\.venv\Lib\site-packages\django\core\files\storage\filesystem.py first seen with mtime 1744011255.562496
File C:\Users\Andrei2\AppData\Local\Programs\Python\Python313\Lib\asyncio\queues.py first seen with mtime 1728286008.0
File C:\Users\Andrei2\AppData\Local\Programs\Python\Python313\Lib\gettext.py first seen with mtime 1728286008.0
File C:\Users\Andrei2\PycharmProjects\djangoProject8\.venv\Lib\site-packages\requests\api.py first seen with mtime 1743832080.2594714
File C:\Users\Andrei2\PycharmProjects\djangoProject8\.venv\Lib\site-packages\django\db\models\functions\mixins.py first seen with mtime 1744011255.767333
File C:\Users\Andrei2\AppData\Local\Programs\Python\Python313\Lib\email\mime\text.py first seen with mtime 1728286008.0
File C:\Users\Andrei2\PycharmProjects\djangoProject8\.venv\Lib\site-packages\django\utils\safestring.py first seen with mtime 1744011255.9598067
File C:\Users\Andrei2\PycharmProjects\djangoProject8\.venv\Lib\site-packages\requests\structures.py first seen with mtime 1743832080.27164
File C:\Users\Andrei2\PycharmProjects\djangoProject8\.venv\Lib\site-packages\django\core\files\images.py first seen with mtime 1744011255.5550017
File C:\Users\Andrei2\PycharmProjects\djangoProject8\.venv\Lib\site-packages\colorama\winterm.py first seen with mtime 1744011168.9606378
File C:\Users\Andrei2\PycharmProjects\djangoProject8\.venv\Lib\site-packages\sqlparse\engine\filter_stack.py first seen with mtime 1744013322.5217342
File C:\Users\Andrei2\AppData\Local\Programs\Python\Python313\Lib\inspect.py first seen with mtime 1728286008.0
File C:\Users\Andrei2\AppData\Local\Programs\Python\Python313\Lib\enum.py first seen with mtime 1728286008.0
File C:\Users\Andrei2\PycharmProjects\djangoProject8\.venv\Lib\site-packages\django\contrib\postgres\forms\ranges.py first seen with mtime 1744011254.5805893
File C:\Users\Andrei2\PycharmProjects\djangoProject8\.venv\Lib\site-packages\django\contrib\postgres\search.py first seen with mtime 1744011254.5656772
File C:\Users\Andrei2\PycharmProjects\djangoProject8\.venv\Lib\site-packages\sqlparse\filters\others.py first seen with mtime 1744013322.5268743
File C:\Users\Andrei2\PycharmProjects\djangoProject8\.venv\Lib\site-packages\sqlparse\tokens.py first seen with mtime 1744013322.519214
File C:\Users\Andrei2\PycharmProjects\djangoProject8\.venv\Lib\site-packages\django\contrib\auth\forms.py first seen with mtime 1744011253.2332528
File C:\Users\Andrei2\PycharmProjects\djangoProject8\.venv\Lib\site-packages\django\db\backends\base\client.py first seen with mtime 1744011255.6375394
File C:\Users\Andrei2\PycharmProjects\djangoProject8\.venv\Lib\site-packages\django\urls\exceptions.py first seen with mtime 1744011255.9269593
File C:\Users\Andrei2\PycharmProjects\djangoProject8\.venv\Lib\site-packages\django\contrib\auth\checks.py first seen with mtime 1744011253.23015
File C:\Users\Andrei2\PycharmProjects\djangoProject8\.venv\Lib\site-packages\django\contrib\sessions\base_session.py first seen with mtime 1744011254.9712186
File C:\Users\Andrei2\AppData\Local\Programs\Python\Python313\Lib\traceback.py first seen with mtime 1728286008.0
File C:\Users\Andrei2\PycharmProjects\djangoProject8\.venv\Lib\site-packages\django\utils\numberformat.py first seen with mtime 1744011255.957807
File C:\Users\Andrei2\AppData\Local\Programs\Python\Python313\DLLs\_asyncio.pyd first seen with mtime 1728286046.0
File C:\Users\Andrei2\PycharmProjects\djangoProject8\.venv\Lib\site-packages\django\core\checks\compatibility\__init__.py first seen with mtime 1744011255.5474434
File C:\Users\Andrei2\AppData\Local\Programs\Python\Python313\Lib\nturl2path.py first seen with mtime 1728286008.0
File C:\Users\Andrei2\PycharmProjects\djangoProject8\.venv\Lib\site-packages\csp\models.py first seen with mtime 1744011290.0003688
File C:\Users\Andrei2\PycharmProjects\djangoProject8\.venv\Lib\site-packages\rest_framework\relations.py first seen with mtime 1744011294.0293846
File C:\Users\Andrei2\PycharmProjects\djangoProject8\.venv\Lib\site-packages\django\core\signals.py first seen with mtime 1744011255.5202868
File C:\Users\Andrei2\PycharmProjects\djangoProject8\.venv\Lib\site-packages\django\db\models\signals.py first seen with mtime 1744011255.74482
File C:\Users\Andrei2\PycharmProjects\djangoProject8\.venv\Lib\site-packages\psycopg\_conninfo_attempts.py first seen with mtime 1744012653.6871333
File C:\Users\Andrei2\PycharmProjects\djangoProject8\.venv\Lib\site-packages\rest_framework\templatetags\rest_framework.py first seen with mtime 1744011294.270871
File C:\Users\Andrei2\PycharmProjects\djangoProject8\.venv\Lib\site-packages\django\utils\dateparse.py first seen with mtime 1744011255.9381058
File C:\Users\Andrei2\PycharmProjects\djangoProject8\.venv\Lib\site-packages\django\utils\crypto.py first seen with mtime 1744011255.9361088
File C:\Users\Andrei2\PycharmProjects\djangoProject8\.venv\Lib\site-packages\dotenv\main.py first seen with mtime 1744640427.3645425
File C:\Users\Andrei2\PycharmProjects\djangoProject8\.venv\Lib\site-packages\django\contrib\auth\hashers.py first seen with mtime 1744011253.234253
File C:\Users\Andrei2\AppData\Local\Programs\Python\Python313\Lib\importlib\resources\__init__.py first seen with mtime 1728286008.0
File C:\Users\Andrei2\PycharmProjects\djangoProject8\.venv\Lib\site-packages\requests\cookies.py first seen with mtime 1743832080.2651157
File C:\Users\Andrei2\PycharmProjects\djangoProject8\.venv\Lib\site-packages\urllib3\util\response.py first seen with mtime 1744013362.7004535
File C:\Users\Andrei2\PycharmProjects\djangoProject8\.venv\Lib\site-packages\urllib3\util\util.py first seen with mtime 1744013362.7066166
File C:\Users\Andrei2\AppData\Local\Programs\Python\Python313\Lib\logging\config.py first seen with mtime 1728286008.0
File C:\Users\Andrei2\PycharmProjects\djangoProject8\.venv\Lib\site-packages\rest_framework\response.py first seen with mtime 1744011294.031508
File C:\Users\Andrei2\PycharmProjects\djangoProject8\.venv\Lib\site-packages\django\views\__init__.py first seen with mtime 1744011255.9725776
File C:\Users\Andrei2\AppData\Local\Programs\Python\Python313\Lib\re\_compiler.py first seen with mtime 1728286008.0
File C:\Users\Andrei2\AppData\Local\Programs\Python\Python313\Lib\asyncio\base_events.py first seen with mtime 1728286008.0
File C:\Users\Andrei2\PycharmProjects\djangoProject8\.venv\Lib\site-packages\django\template\loaders\app_directories.py first seen with mtime 1744011255.9087386
File C:\Users\Andrei2\PycharmProjects\djangoProject8\.venv\Lib\site-packages\django\utils\cache.py first seen with mtime 1744011255.9341054
File C:\Users\Andrei2\PycharmProjects\djangoProject8\.venv\Lib\site-packages\django\db\models\constants.py first seen with mtime 1744011255.732466
File C:\Users\Andrei2\PycharmProjects\djangoProject8\.venv\Lib\site-packages\django\template\loaders\filesystem.py first seen with mtime 1744011255.9107375
File C:\Users\Andrei2\PycharmProjects\djangoProject8\.venv\Lib\site-packages\django\core\files\move.py first seen with mtime 1744011255.5564384
File C:\Users\Andrei2\PycharmProjects\djangoProject8\.venv\Lib\site-packages\django\utils\hashable.py first seen with mtime 1744011255.9455855
File C:\Users\Andrei2\PycharmProjects\djangoProject8\.venv\Lib\site-packages\sqlparse\engine\__init__.py first seen with mtime 1744013322.5217342
File C:\Users\Andrei2\PycharmProjects\djangoProject8\.venv\Lib\site-packages\django\core\checks\translation.py first seen with mtime 1744011255.5454023
File C:\Users\Andrei2\AppData\Local\Programs\Python\Python313\Lib\fnmatch.py first seen with mtime 1728286008.0
File C:\Users\Andrei2\PycharmProjects\djangoProject8\.venv\Lib\site-packages\django\forms\renderers.py first seen with mtime 1744011255.7890472
File C:\Users\Andrei2\PycharmProjects\djangoProject8\.venv\Lib\site-packages\django\contrib\postgres\fields\citext.py first seen with mtime 1744011254.5740411
File C:\Users\Andrei2\PycharmProjects\djangoProject8\.venv\Lib\site-packages\psycopg\dbapi20.py first seen with mtime 1744012653.7164242
File C:\Users\Andrei2\PycharmProjects\djangoProject8\.venv\Lib\site-packages\django\views\generic\__init__.py first seen with mtime 1744011255.9838343
File C:\Users\Andrei2\AppData\Local\Programs\Python\Python313\Lib\copy.py first seen with mtime 1728286008.0
File C:\Users\Andrei2\PycharmProjects\djangoProject8\.venv\Lib\site-packages\django\utils\choices.py first seen with mtime 1744011255.9351046
File C:\Users\Andrei2\PycharmProjects\djangoProject8\.venv\Lib\site-packages\django\core\checks\security\csrf.py first seen with mtime 1744011255.5510013
File C:\Users\Andrei2\PycharmProjects\djangoProject8\.venv\Lib\site-packages\django\template\library.py first seen with mtime 1744011255.8987377
File C:\Users\Andrei2\AppData\Local\Programs\Python\Python313\Lib\secrets.py first seen with mtime 1728286008.0
File C:\Users\Andrei2\AppData\Local\Programs\Python\Python313\Lib\ssl.py first seen with mtime 1728286008.0
File C:\Users\Andrei2\PycharmProjects\djangoProject8\.venv\Lib\site-packages\psycopg\server_cursor.py first seen with mtime 1744012653.7233272
File C:\Users\Andrei2\PycharmProjects\djangoProject8\.venv\Lib\site-packages\django\contrib\admin\checks.py first seen with mtime 1744011252.3820288
File C:\Users\Andrei2\PycharmProjects\djangoProject8\.venv\Lib\site-packages\django\core\servers\__init__.py first seen with mtime 1744011255.624912
File C:\Users\Andrei2\PycharmProjects\djangoProject8\.venv\Lib\site-packages\django\db\backends\__init__.py first seen with mtime 1744011255.6300325
File C:\Users\Andrei2\PycharmProjects\djangoProject8\.venv\Lib\site-packages\django\contrib\auth\password_validation.py first seen with mtime 1744011253.2372527
File C:\Users\Andrei2\PycharmProjects\djangoProject8\.venv\Lib\site-packages\django\contrib\staticfiles\apps.py first seen with mtime 1744011255.5009277
File C:\Users\Andrei2\PycharmProjects\djangoProject8\.venv\Lib\site-packages\django\contrib\auth\tokens.py first seen with mtime 1744011253.2392526
File C:\Users\Andrei2\PycharmProjects\djangoProject8\.venv\Lib\site-packages\django\db\models\fields\mixins.py first seen with mtime 1744011255.751296
File C:\Users\Andrei2\PycharmProjects\djangoProject8\.venv\Lib\site-packages\django\template\utils.py first seen with mtime 1744011255.9027367
File C:\Users\Andrei2\PycharmProjects\djangoProject8\.venv\Lib\site-packages\rest_framework\authentication.py first seen with mtime 1744011294.0135903
File C:\Users\Andrei2\PycharmProjects\djangoProject8\.venv\Lib\site-packages\django\contrib\sessions\models.py first seen with mtime 1744011254.9735634
File C:\Users\Andrei2\PycharmProjects\djangoProject8\.venv\Lib\site-packages\django\templatetags\cache.py first seen with mtime 1744011255.9138432
File C:\Users\Andrei2\PycharmProjects\djangoProject8\.venv\Lib\site-packages\uritemplate\orderedset.py first seen with mtime 1744011697.939969
File C:\Users\Andrei2\AppData\Local\Programs\Python\Python313\DLLs\select.pyd first seen with mtime 1728286046.0
File C:\Users\Andrei2\AppData\Local\Programs\Python\Python313\DLLs\_socket.pyd first seen with mtime 1728286046.0
File C:\Users\Andrei2\PycharmProjects\djangoProject8\.venv\Lib\site-packages\psycopg\pq\_enums.py first seen with mtime 1744012653.7337062
File C:\Users\Andrei2\PycharmProjects\djangoProject8\.venv\Lib\site-packages\django\db\models\options.py first seen with mtime 1744011255.7404647
File C:\Users\Andrei2\PycharmProjects\djangoProject8\.venv\Lib\site-packages\requests\utils.py first seen with mtime 1743832080.273621
File C:\Users\Andrei2\PycharmProjects\djangoProject8\templates\.idea first seen with mtime 1743832139.1371076
File C:\Users\Andrei2\PycharmProjects\djangoProject8\templates\db.sqlite3 first seen with mtime 1743832139.139121
File C:\Users\Andrei2\PycharmProjects\djangoProject8\templates\mydogs first seen with mtime 1743832139.1411345
File C:\Users\Andrei2\PycharmProjects\djangoProject8\templates\public first seen with mtime 1745063136.7039008
File C:\Users\Andrei2\PycharmProjects\djangoProject8\templates\test.html first seen with mtime 1743832139.143151
File C:\Users\Andrei2\PycharmProjects\djangoProject8\templates\test_api.py first seen with mtime 1743832139.143151
File C:\Users\Andrei2\PycharmProjects\djangoProject8\templates\.idea\.gitignore first seen with mtime 1743832139.1350944
File C:\Users\Andrei2\PycharmProjects\djangoProject8\templates\.idea\dataSources.xml first seen with mtime 1743832139.1350944
File C:\Users\Andrei2\PycharmProjects\djangoProject8\templates\.idea\inspectionProfiles first seen with mtime 1743832139.1371076
File C:\Users\Andrei2\PycharmProjects\djangoProject8\templates\.idea\misc.xml first seen with mtime 1743832139.1371076
File C:\Users\Andrei2\PycharmProjects\djangoProject8\templates\.idea\modules.xml first seen with mtime 1743832139.1371076
File C:\Users\Andrei2\PycharmProjects\djangoProject8\templates\.idea\templates.iml first seen with mtime 1743832139.1371076
File C:\Users\Andrei2\PycharmProjects\djangoProject8\templates\.idea\vcs.xml first seen with mtime 1743832139.1371076
File C:\Users\Andrei2\PycharmProjects\djangoProject8\templates\mydogs\.idea first seen with mtime 1743832139.1411345
File C:\Users\Andrei2\PycharmProjects\djangoProject8\templates\mydogs\index.html first seen with mtime 1743832139.1411345
File C:\Users\Andrei2\PycharmProjects\djangoProject8\templates\mydogs\places.html first seen with mtime 1743832139.1411345
File C:\Users\Andrei2\PycharmProjects\djangoProject8\templates\mydogs\register.html first seen with mtime 1743832139.143151
File C:\Users\Andrei2\PycharmProjects\djangoProject8\templates\public\images first seen with mtime 1743832138.822618
File C:\Users\Andrei2\PycharmProjects\djangoProject8\templates\public\index.html first seen with mtime 1745063136.7039008
File C:\Users\Andrei2\PycharmProjects\djangoProject8\templates\public\places.html first seen with mtime 1743832138.8246374
File C:\Users\Andrei2\PycharmProjects\djangoProject8\templates\public\styles first seen with mtime 1743832138.8266566
File C:\Users\Andrei2\PycharmProjects\djangoProject8\templates\public\images\a629a148751349305bee9c1864120902_cropped_510x340.webp first seen with mtime 1743832138.7885761
File C:\Users\Andrei2\PycharmProjects\djangoProject8\templates\public\images\cbbe299229e7d5c49d378287632d4deb_cropped_666x444.webp first seen with mtime 1743832138.7885761
File C:\Users\Andrei2\PycharmProjects\djangoProject8\templates\public\images\d5a2bde913a14c179a94c172e5afbbb5.jpg first seen with mtime 1743832138.7905917
File C:\Users\Andrei2\PycharmProjects\djangoProject8\templates\public\images\istockphoto-1482199015-1024x1024.jpg first seen with mtime 1743832138.7905917
File C:\Users\Andrei2\PycharmProjects\djangoProject8\templates\public\images\pexels-charlesdeluvio-1851164.jpg first seen with mtime 1743832138.814528
File C:\Users\Andrei2\PycharmProjects\djangoProject8\templates\public\images\photo_2024-10-28_23-03-43.jpg first seen with mtime 1743832138.822618
File C:\Users\Andrei2\PycharmProjects\djangoProject8\templates\public\styles\main.css first seen with mtime 1743832138.8266566
File C:\Users\Andrei2\PycharmProjects\djangoProject8\templates\mydogs\.idea\.gitignore first seen with mtime 1743832139.139121
File C:\Users\Andrei2\PycharmProjects\djangoProject8\templates\mydogs\.idea\inspectionProfiles first seen with mtime 1743653499.5878232
File C:\Users\Andrei2\PycharmProjects\djangoProject8\templates\mydogs\.idea\misc.xml first seen with mtime 1743832139.139121
File C:\Users\Andrei2\PycharmProjects\djangoProject8\templates\mydogs\.idea\modules.xml first seen with mtime 1743653499.564331
File C:\Users\Andrei2\PycharmProjects\djangoProject8\templates\mydogs\.idea\mydogs.iml first seen with mtime 1743832139.139121
File C:\Users\Andrei2\PycharmProjects\djangoProject8\templates\mydogs\.idea\vcs.xml first seen with mtime 1743832139.1411345
File C:\Users\Andrei2\PycharmProjects\djangoProject8\templates\mydogs\.idea\inspectionProfiles\profiles_settings.xml first seen with mtime 1743653499.589831
File C:\Users\Andrei2\PycharmProjects\djangoProject8\templates\.idea\inspectionProfiles\profiles_settings.xml first seen with mtime 1743832139.1371076
File C:\Users\Andrei2\PyCharmProjects\djangoProject8\.venv\Lib\site-packages\rest_framework\templates\rest_framework first seen with mtime 1744011294.2592335
File C:\Users\Andrei2\PyCharmProjects\djangoProject8\.venv\Lib\site-packages\rest_framework\templates\rest_framework\admin first seen with mtime 1744011294.220217
File C:\Users\Andrei2\PyCharmProjects\djangoProject8\.venv\Lib\site-packages\rest_framework\templates\rest_framework\admin.html first seen with mtime 1744011294.2108397
File C:\Users\Andrei2\PyCharmProjects\djangoProject8\.venv\Lib\site-packages\rest_framework\templates\rest_framework\api.html first seen with mtime 1744011294.2118423
File C:\Users\Andrei2\PyCharmProjects\djangoProject8\.venv\Lib\site-packages\rest_framework\templates\rest_framework\base.html first seen with mtime 1744011294.2128382
File C:\Users\Andrei2\PyCharmProjects\djangoProject8\.venv\Lib\site-packages\rest_framework\templates\rest_framework\docs first seen with mtime 1744011294.2294753
File C:\Users\Andrei2\PyCharmProjects\djangoProject8\.venv\Lib\site-packages\rest_framework\templates\rest_framework\filters first seen with mtime 1744011294.2373016
File C:\Users\Andrei2\PyCharmProjects\djangoProject8\.venv\Lib\site-packages\rest_framework\templates\rest_framework\horizontal first seen with mtime 1744011294.247026
File C:\Users\Andrei2\PyCharmProjects\djangoProject8\.venv\Lib\site-packages\rest_framework\templates\rest_framework\inline first seen with mtime 1744011294.2568672
File C:\Users\Andrei2\PyCharmProjects\djangoProject8\.venv\Lib\site-packages\rest_framework\templates\rest_framework\login.html first seen with mtime 1744011294.2139187
File C:\Users\Andrei2\PyCharmProjects\djangoProject8\.venv\Lib\site-packages\rest_framework\templates\rest_framework\login_base.html first seen with mtime 1744011294.2149305
File C:\Users\Andrei2\PyCharmProjects\djangoProject8\.venv\Lib\site-packages\rest_framework\templates\rest_framework\pagination first seen with mtime 1744011294.2582228
File C:\Users\Andrei2\PyCharmProjects\djangoProject8\.venv\Lib\site-packages\rest_framework\templates\rest_framework\raw_data_form.html first seen with mtime 1744011294.2149305
File C:\Users\Andrei2\PyCharmProjects\djangoProject8\.venv\Lib\site-packages\rest_framework\templates\rest_framework\schema.js first seen with mtime 1744011294.2159307
File C:\Users\Andrei2\PyCharmProjects\djangoProject8\.venv\Lib\site-packages\rest_framework\templates\rest_framework\vertical first seen with mtime 1744011294.2680688
File C:\Users\Andrei2\PyCharmProjects\djangoProject8\.venv\Lib\site-packages\rest_framework\templates\rest_framework\admin\detail.html first seen with mtime 1744011294.216934
File C:\Users\Andrei2\PyCharmProjects\djangoProject8\.venv\Lib\site-packages\rest_framework\templates\rest_framework\admin\dict_value.html first seen with mtime 1744011294.2182014
File C:\Users\Andrei2\PyCharmProjects\djangoProject8\.venv\Lib\site-packages\rest_framework\templates\rest_framework\admin\list.html first seen with mtime 1744011294.2192118
File C:\Users\Andrei2\PyCharmProjects\djangoProject8\.venv\Lib\site-packages\rest_framework\templates\rest_framework\admin\list_value.html first seen with mtime 1744011294.2192118
File C:\Users\Andrei2\PyCharmProjects\djangoProject8\.venv\Lib\site-packages\rest_framework\templates\rest_framework\admin\simple_list_value.html first seen with mtime 1744011294.220217
File C:\Users\Andrei2\PyCharmProjects\djangoProject8\.venv\Lib\site-packages\rest_framework\templates\rest_framework\docs\auth first seen with mtime 1744011294.2294753
File C:\Users\Andrei2\PyCharmProjects\djangoProject8\.venv\Lib\site-packages\rest_framework\templates\rest_framework\docs\document.html first seen with mtime 1744011294.2222106
File C:\Users\Andrei2\PyCharmProjects\djangoProject8\.venv\Lib\site-packages\rest_framework\templates\rest_framework\docs\error.html first seen with mtime 1744011294.2236412
File C:\Users\Andrei2\PyCharmProjects\djangoProject8\.venv\Lib\site-packages\rest_framework\templates\rest_framework\docs\index.html first seen with mtime 1744011294.2236412
File C:\Users\Andrei2\PyCharmProjects\djangoProject8\.venv\Lib\site-packages\rest_framework\templates\rest_framework\docs\interact.html first seen with mtime 1744011294.2251053
File C:\Users\Andrei2\PyCharmProjects\djangoProject8\.venv\Lib\site-packages\rest_framework\templates\rest_framework\docs\langs first seen with mtime 1744011294.234215
File C:\Users\Andrei2\PyCharmProjects\djangoProject8\.venv\Lib\site-packages\rest_framework\templates\rest_framework\docs\link.html first seen with mtime 1744011294.2261176
File C:\Users\Andrei2\PyCharmProjects\djangoProject8\.venv\Lib\site-packages\rest_framework\templates\rest_framework\docs\sidebar.html first seen with mtime 1744011294.2261176
File C:\Users\Andrei2\PyCharmProjects\djangoProject8\.venv\Lib\site-packages\rest_framework\templates\rest_framework\filters\base.html first seen with mtime 1744011294.2363
File C:\Users\Andrei2\PyCharmProjects\djangoProject8\.venv\Lib\site-packages\rest_framework\templates\rest_framework\filters\ordering.html first seen with mtime 1744011294.2363
File C:\Users\Andrei2\PyCharmProjects\djangoProject8\.venv\Lib\site-packages\rest_framework\templates\rest_framework\filters\search.html first seen with mtime 1744011294.2373016
File C:\Users\Andrei2\PyCharmProjects\djangoProject8\.venv\Lib\site-packages\rest_framework\templates\rest_framework\horizontal\checkbox.html first seen with mtime 1744011294.2386074
File C:\Users\Andrei2\PyCharmProjects\djangoProject8\.venv\Lib\site-packages\rest_framework\templates\rest_framework\horizontal\checkbox_multiple.html first seen with mtime 1744011294.2398427
File C:\Users\Andrei2\PyCharmProjects\djangoProject8\.venv\Lib\site-packages\rest_framework\templates\rest_framework\horizontal\dict_field.html first seen with mtime 1744011294.2398427
File C:\Users\Andrei2\PyCharmProjects\djangoProject8\.venv\Lib\site-packages\rest_framework\templates\rest_framework\horizontal\fieldset.html first seen with mtime 1744011294.240847
File C:\Users\Andrei2\PyCharmProjects\djangoProject8\.venv\Lib\site-packages\rest_framework\templates\rest_framework\horizontal\form.html first seen with mtime 1744011294.2419808
File C:\Users\Andrei2\PyCharmProjects\djangoProject8\.venv\Lib\site-packages\rest_framework\templates\rest_framework\horizontal\input.html first seen with mtime 1744011294.2429788
File C:\Users\Andrei2\PyCharmProjects\djangoProject8\.venv\Lib\site-packages\rest_framework\templates\rest_framework\horizontal\list_field.html first seen with mtime 1744011294.2429788
File C:\Users\Andrei2\PyCharmProjects\djangoProject8\.venv\Lib\site-packages\rest_framework\templates\rest_framework\horizontal\list_fieldset.html first seen with mtime 1744011294.2439785
File C:\Users\Andrei2\PyCharmProjects\djangoProject8\.venv\Lib\site-packages\rest_framework\templates\rest_framework\horizontal\radio.html first seen with mtime 1744011294.2449841
File C:\Users\Andrei2\PyCharmProjects\djangoProject8\.venv\Lib\site-packages\rest_framework\templates\rest_framework\horizontal\select.html first seen with mtime 1744011294.2460103
File C:\Users\Andrei2\PyCharmProjects\djangoProject8\.venv\Lib\site-packages\rest_framework\templates\rest_framework\horizontal\select_multiple.html first seen with mtime 1744011294.247026
File C:\Users\Andrei2\PyCharmProjects\djangoProject8\.venv\Lib\site-packages\rest_framework\templates\rest_framework\horizontal\textarea.html first seen with mtime 1744011294.2480364
File C:\Users\Andrei2\PyCharmProjects\djangoProject8\.venv\Lib\site-packages\rest_framework\templates\rest_framework\inline\checkbox.html first seen with mtime 1744011294.249047
File C:\Users\Andrei2\PyCharmProjects\djangoProject8\.venv\Lib\site-packages\rest_framework\templates\rest_framework\inline\checkbox_multiple.html first seen with mtime 1744011294.249047
File C:\Users\Andrei2\PyCharmProjects\djangoProject8\.venv\Lib\site-packages\rest_framework\templates\rest_framework\inline\dict_field.html first seen with mtime 1744011294.2503228
File C:\Users\Andrei2\PyCharmProjects\djangoProject8\.venv\Lib\site-packages\rest_framework\templates\rest_framework\inline\fieldset.html first seen with mtime 1744011294.251333
File C:\Users\Andrei2\PyCharmProjects\djangoProject8\.venv\Lib\site-packages\rest_framework\templates\rest_framework\inline\form.html first seen with mtime 1744011294.251333
File C:\Users\Andrei2\PyCharmProjects\djangoProject8\.venv\Lib\site-packages\rest_framework\templates\rest_framework\inline\input.html first seen with mtime 1744011294.2524383
File C:\Users\Andrei2\PyCharmProjects\djangoProject8\.venv\Lib\site-packages\rest_framework\templates\rest_framework\inline\list_field.html first seen with mtime 1744011294.2534404
File C:\Users\Andrei2\PyCharmProjects\djangoProject8\.venv\Lib\site-packages\rest_framework\templates\rest_framework\inline\list_fieldset.html first seen with mtime 1744011294.2534404
File C:\Users\Andrei2\PyCharmProjects\djangoProject8\.venv\Lib\site-packages\rest_framework\templates\rest_framework\inline\radio.html first seen with mtime 1744011294.2544386
File C:\Users\Andrei2\PyCharmProjects\djangoProject8\.venv\Lib\site-packages\rest_framework\templates\rest_framework\inline\select.html first seen with mtime 1744011294.2554405
File C:\Users\Andrei2\PyCharmProjects\djangoProject8\.venv\Lib\site-packages\rest_framework\templates\rest_framework\inline\select_multiple.html first seen with mtime 1744011294.2554405
File C:\Users\Andrei2\PyCharmProjects\djangoProject8\.venv\Lib\site-packages\rest_framework\templates\rest_framework\inline\textarea.html first seen with mtime 1744011294.2568672
File C:\Users\Andrei2\PyCharmProjects\djangoProject8\.venv\Lib\site-packages\rest_framework\templates\rest_framework\pagination\numbers.html first seen with mtime 1744011294.2582228
File C:\Users\Andrei2\PyCharmProjects\djangoProject8\.venv\Lib\site-packages\rest_framework\templates\rest_framework\pagination\previous_and_next.html first seen with mtime 1744011294.2592335
File C:\Users\Andrei2\PyCharmProjects\djangoProject8\.venv\Lib\site-packages\rest_framework\templates\rest_framework\vertical\checkbox.html first seen with mtime 1744011294.2602365
File C:\Users\Andrei2\PyCharmProjects\djangoProject8\.venv\Lib\site-packages\rest_framework\templates\rest_framework\vertical\checkbox_multiple.html first seen with mtime 1744011294.261234
File C:\Users\Andrei2\PyCharmProjects\djangoProject8\.venv\Lib\site-packages\rest_framework\templates\rest_framework\vertical\dict_field.html first seen with mtime 1744011294.261234
File C:\Users\Andrei2\PyCharmProjects\djangoProject8\.venv\Lib\site-packages\rest_framework\templates\rest_framework\vertical\fieldset.html first seen with mtime 1744011294.2622373
File C:\Users\Andrei2\PyCharmProjects\djangoProject8\.venv\Lib\site-packages\rest_framework\templates\rest_framework\vertical\form.html first seen with mtime 1744011294.2636786
File C:\Users\Andrei2\PyCharmProjects\djangoProject8\.venv\Lib\site-packages\rest_framework\templates\rest_framework\vertical\input.html first seen with mtime 1744011294.2636786
File C:\Users\Andrei2\PyCharmProjects\djangoProject8\.venv\Lib\site-packages\rest_framework\templates\rest_framework\vertical\list_field.html first seen with mtime 1744011294.2646906
File C:\Users\Andrei2\PyCharmProjects\djangoProject8\.venv\Lib\site-packages\rest_framework\templates\rest_framework\vertical\list_fieldset.html first seen with mtime 1744011294.2660196
File C:\Users\Andrei2\PyCharmProjects\djangoProject8\.venv\Lib\site-packages\rest_framework\templates\rest_framework\vertical\radio.html first seen with mtime 1744011294.267033
File C:\Users\Andrei2\PyCharmProjects\djangoProject8\.venv\Lib\site-packages\rest_framework\templates\rest_framework\vertical\select.html first seen with mtime 1744011294.267033
File C:\Users\Andrei2\PyCharmProjects\djangoProject8\.venv\Lib\site-packages\rest_framework\templates\rest_framework\vertical\select_multiple.html first seen with mtime 1744011294.2680688
File C:\Users\Andrei2\PyCharmProjects\djangoProject8\.venv\Lib\site-packages\rest_framework\templates\rest_framework\vertical\textarea.html first seen with mtime 1744011294.269551
File C:\Users\Andrei2\PyCharmProjects\djangoProject8\.venv\Lib\site-packages\rest_framework\templates\rest_framework\docs\auth\basic.html first seen with mtime 1744011294.228119
File C:\Users\Andrei2\PyCharmProjects\djangoProject8\.venv\Lib\site-packages\rest_framework\templates\rest_framework\docs\auth\session.html first seen with mtime 1744011294.228119
File C:\Users\Andrei2\PyCharmProjects\djangoProject8\.venv\Lib\site-packages\rest_framework\templates\rest_framework\docs\auth\token.html first seen with mtime 1744011294.2294753
File C:\Users\Andrei2\PyCharmProjects\djangoProject8\.venv\Lib\site-packages\rest_framework\templates\rest_framework\docs\langs\javascript-intro.html first seen with mtime 1744011294.2310333
File C:\Users\Andrei2\PyCharmProjects\djangoProject8\.venv\Lib\site-packages\rest_framework\templates\rest_framework\docs\langs\javascript.html first seen with mtime 1744011294.2320511
File C:\Users\Andrei2\PyCharmProjects\djangoProject8\.venv\Lib\site-packages\rest_framework\templates\rest_framework\docs\langs\python-intro.html first seen with mtime 1744011294.2320511
File C:\Users\Andrei2\PyCharmProjects\djangoProject8\.venv\Lib\site-packages\rest_framework\templates\rest_framework\docs\langs\python.html first seen with mtime 1744011294.2332006
File C:\Users\Andrei2\PyCharmProjects\djangoProject8\.venv\Lib\site-packages\rest_framework\templates\rest_framework\docs\langs\shell-intro.html first seen with mtime 1744011294.234215
File C:\Users\Andrei2\PyCharmProjects\djangoProject8\.venv\Lib\site-packages\rest_framework\templates\rest_framework\docs\langs\shell.html first seen with mtime 1744011294.2352111
File C:\Users\Andrei2\PyCharmProjects\djangoProject8\.venv\Lib\site-packages\rest_framework\locale\zh_TW\LC_MESSAGES\django.mo first seen with mtime 1744011294.1519508
File C:\Users\Andrei2\PyCharmProjects\djangoProject8\.venv\Lib\site-packages\rest_framework\locale\zh_Hant\LC_MESSAGES\django.mo first seen with mtime 1744011294.150951
File C:\Users\Andrei2\PyCharmProjects\djangoProject8\.venv\Lib\site-packages\rest_framework\locale\zh_Hans\LC_MESSAGES\django.mo first seen with mtime 1744011294.1488583
File C:\Users\Andrei2\PyCharmProjects\djangoProject8\.venv\Lib\site-packages\rest_framework\locale\zh_CN\LC_MESSAGES\django.mo first seen with mtime 1744011294.1478558
File C:\Users\Andrei2\PyCharmProjects\djangoProject8\.venv\Lib\site-packages\rest_framework\locale\vi\LC_MESSAGES\django.mo first seen with mtime 1744011294.145515
File C:\Users\Andrei2\PyCharmProjects\djangoProject8\.venv\Lib\site-packages\rest_framework\locale\uk\LC_MESSAGES\django.mo first seen with mtime 1744011294.144169
File C:\Users\Andrei2\PyCharmProjects\djangoProject8\.venv\Lib\site-packages\rest_framework\locale\tr_TR\LC_MESSAGES\django.mo first seen with mtime 1744011294.1430652
File C:\Users\Andrei2\PyCharmProjects\djangoProject8\.venv\Lib\site-packages\rest_framework\locale\tr\LC_MESSAGES\django.mo first seen with mtime 1744011294.1406527
File C:\Users\Andrei2\PyCharmProjects\djangoProject8\.venv\Lib\site-packages\rest_framework\locale\th\LC_MESSAGES\django.mo first seen with mtime 1744011294.139646
File C:\Users\Andrei2\PyCharmProjects\djangoProject8\.venv\Lib\site-packages\rest_framework\locale\sv\LC_MESSAGES\django.mo first seen with mtime 1744011294.1373506
File C:\Users\Andrei2\PyCharmProjects\djangoProject8\.venv\Lib\site-packages\rest_framework\locale\sl\LC_MESSAGES\django.mo first seen with mtime 1744011294.1344936
File C:\Users\Andrei2\PyCharmProjects\djangoProject8\.venv\Lib\site-packages\rest_framework\locale\sk\LC_MESSAGES\django.mo first seen with mtime 1744011294.1334918
File C:\Users\Andrei2\PyCharmProjects\djangoProject8\.venv\Lib\site-packages\rest_framework\locale\ru_RU\LC_MESSAGES\django.mo first seen with mtime 1744011294.1323488
File C:\Users\Andrei2\PyCharmProjects\djangoProject8\.venv\Lib\site-packages\rest_framework\locale\ru\LC_MESSAGES\django.mo first seen with mtime 1744011294.130216
File C:\Users\Andrei2\PyCharmProjects\djangoProject8\.venv\Lib\site-packages\rest_framework\locale\ro\LC_MESSAGES\django.mo first seen with mtime 1744011294.1281874
File C:\Users\Andrei2\PyCharmProjects\djangoProject8\.venv\Lib\site-packages\rest_framework\locale\pt_PT\LC_MESSAGES\django.mo first seen with mtime 1744011294.126067
File C:\Users\Andrei2\PyCharmProjects\djangoProject8\.venv\Lib\site-packages\rest_framework\locale\pt_BR\LC_MESSAGES\django.mo first seen with mtime 1744011294.125052
File C:\Users\Andrei2\PyCharmProjects\djangoProject8\.venv\Lib\site-packages\rest_framework\locale\pt\LC_MESSAGES\django.mo first seen with mtime 1744011294.1236024
File C:\Users\Andrei2\PyCharmProjects\djangoProject8\.venv\Lib\site-packages\rest_framework\locale\pl\LC_MESSAGES\django.mo first seen with mtime 1744011294.122602
File C:\Users\Andrei2\PyCharmProjects\djangoProject8\.venv\Lib\site-packages\rest_framework\locale\no\LC_MESSAGES\django.mo first seen with mtime 1744011294.1203575
File C:\Users\Andrei2\PyCharmProjects\djangoProject8\.venv\Lib\site-packages\rest_framework\locale\nn\LC_MESSAGES\django.mo first seen with mtime 1744011294.119006
File C:\Users\Andrei2\PyCharmProjects\djangoProject8\.venv\Lib\site-packages\rest_framework\locale\nl\LC_MESSAGES\django.mo first seen with mtime 1744011294.1179917
File C:\Users\Andrei2\PyCharmProjects\djangoProject8\.venv\Lib\site-packages\rest_framework\locale\ne_NP\LC_MESSAGES\django.mo first seen with mtime 1744011294.1165235
File C:\Users\Andrei2\PyCharmProjects\djangoProject8\.venv\Lib\site-packages\rest_framework\locale\nb\LC_MESSAGES\django.mo first seen with mtime 1744011294.1139479
File C:\Users\Andrei2\PyCharmProjects\djangoProject8\.venv\Lib\site-packages\rest_framework\locale\mk\LC_MESSAGES\django.mo first seen with mtime 1744011294.1124704
File C:\Users\Andrei2\PyCharmProjects\djangoProject8\.venv\Lib\site-packages\rest_framework\locale\lv\LC_MESSAGES\django.mo first seen with mtime 1744011294.1114504
File C:\Users\Andrei2\PyCharmProjects\djangoProject8\.venv\Lib\site-packages\rest_framework\locale\lt\LC_MESSAGES\django.mo first seen with mtime 1744011294.1103897
File C:\Users\Andrei2\PyCharmProjects\djangoProject8\.venv\Lib\site-packages\rest_framework\locale\ko_KR\LC_MESSAGES\django.mo first seen with mtime 1744011294.1078753
File C:\Users\Andrei2\PyCharmProjects\djangoProject8\.venv\Lib\site-packages\rest_framework\locale\ja\LC_MESSAGES\django.mo first seen with mtime 1744011294.1068773
File C:\Users\Andrei2\PyCharmProjects\djangoProject8\.venv\Lib\site-packages\rest_framework\locale\it\LC_MESSAGES\django.mo first seen with mtime 1744011294.105881
File C:\Users\Andrei2\PyCharmProjects\djangoProject8\.venv\Lib\site-packages\rest_framework\locale\id\LC_MESSAGES\django.mo first seen with mtime 1744011294.103749
File C:\Users\Andrei2\PyCharmProjects\djangoProject8\.venv\Lib\site-packages\rest_framework\locale\hy\LC_MESSAGES\django.mo first seen with mtime 1744011294.102237
File C:\Users\Andrei2\PyCharmProjects\djangoProject8\.venv\Lib\site-packages\rest_framework\locale\hu\LC_MESSAGES\django.mo first seen with mtime 1744011294.0999255
File C:\Users\Andrei2\PyCharmProjects\djangoProject8\.venv\Lib\site-packages\rest_framework\locale\he_IL\LC_MESSAGES\django.mo first seen with mtime 1744011294.098549
File C:\Users\Andrei2\PyCharmProjects\djangoProject8\.venv\Lib\site-packages\rest_framework\locale\gl_ES\LC_MESSAGES\django.mo first seen with mtime 1744011294.097265
File C:\Users\Andrei2\PyCharmProjects\djangoProject8\.venv\Lib\site-packages\rest_framework\locale\gl\LC_MESSAGES\django.mo first seen with mtime 1744011294.0957937
File C:\Users\Andrei2\PyCharmProjects\djangoProject8\.venv\Lib\site-packages\rest_framework\locale\fr_CA\LC_MESSAGES\django.mo first seen with mtime 1744011294.0944982
File C:\Users\Andrei2\PyCharmProjects\djangoProject8\.venv\Lib\site-packages\rest_framework\locale\fr\LC_MESSAGES\django.mo first seen with mtime 1744011294.0934868
File C:\Users\Andrei2\PyCharmProjects\djangoProject8\.venv\Lib\site-packages\rest_framework\locale\fi\LC_MESSAGES\django.mo first seen with mtime 1744011294.0924864
File C:\Users\Andrei2\PyCharmProjects\djangoProject8\.venv\Lib\site-packages\rest_framework\locale\fa_IR\LC_MESSAGES\django.mo first seen with mtime 1744011294.0903854
File C:\Users\Andrei2\PyCharmProjects\djangoProject8\.venv\Lib\site-packages\rest_framework\locale\fa\LC_MESSAGES\django.mo first seen with mtime 1744011294.0894427
File C:\Users\Andrei2\PyCharmProjects\djangoProject8\.venv\Lib\site-packages\rest_framework\locale\et\LC_MESSAGES\django.mo first seen with mtime 1744011294.0873733
File C:\Users\Andrei2\PyCharmProjects\djangoProject8\.venv\Lib\site-packages\rest_framework\locale\es\LC_MESSAGES\django.mo first seen with mtime 1744011294.086026
File C:\Users\Andrei2\PyCharmProjects\djangoProject8\.venv\Lib\site-packages\rest_framework\locale\en_US\LC_MESSAGES\django.mo first seen with mtime 1744011294.0835218
File C:\Users\Andrei2\PyCharmProjects\djangoProject8\.venv\Lib\site-packages\rest_framework\locale\en_CA\LC_MESSAGES\django.mo first seen with mtime 1744011294.0823653
File C:\Users\Andrei2\PyCharmProjects\djangoProject8\.venv\Lib\site-packages\rest_framework\locale\en_AU\LC_MESSAGES\django.mo first seen with mtime 1744011294.0808754
File C:\Users\Andrei2\PyCharmProjects\djangoProject8\.venv\Lib\site-packages\rest_framework\locale\en\LC_MESSAGES\django.mo first seen with mtime 1744011294.0788171
File C:\Users\Andrei2\PyCharmProjects\djangoProject8\.venv\Lib\site-packages\rest_framework\locale\el_GR\LC_MESSAGES\django.mo first seen with mtime 1744011294.0778027
File C:\Users\Andrei2\PyCharmProjects\djangoProject8\.venv\Lib\site-packages\rest_framework\locale\el\LC_MESSAGES\django.mo first seen with mtime 1744011294.0766118
File C:\Users\Andrei2\PyCharmProjects\djangoProject8\.venv\Lib\site-packages\rest_framework\locale\de\LC_MESSAGES\django.mo first seen with mtime 1744011294.0745132
File C:\Users\Andrei2\PyCharmProjects\djangoProject8\.venv\Lib\site-packages\rest_framework\locale\da\LC_MESSAGES\django.mo first seen with mtime 1744011294.0734193
File C:\Users\Andrei2\PyCharmProjects\djangoProject8\.venv\Lib\site-packages\rest_framework\locale\cs\LC_MESSAGES\django.mo first seen with mtime 1744011294.0695581
File C:\Users\Andrei2\PyCharmProjects\djangoProject8\.venv\Lib\site-packages\rest_framework\locale\ca_ES\LC_MESSAGES\django.mo first seen with mtime 1744011294.068491
File C:\Users\Andrei2\PyCharmProjects\djangoProject8\.venv\Lib\site-packages\rest_framework\locale\ca\LC_MESSAGES\django.mo first seen with mtime 1744011294.067379
File C:\Users\Andrei2\PyCharmProjects\djangoProject8\.venv\Lib\site-packages\rest_framework\locale\bg\LC_MESSAGES\django.mo first seen with mtime 1744011294.0663376
File C:\Users\Andrei2\PyCharmProjects\djangoProject8\.venv\Lib\site-packages\rest_framework\locale\be\LC_MESSAGES\django.mo first seen with mtime 1744011294.0638518
File C:\Users\Andrei2\PyCharmProjects\djangoProject8\.venv\Lib\site-packages\rest_framework\locale\az\LC_MESSAGES\django.mo first seen with mtime 1744011294.0626483
File C:\Users\Andrei2\PyCharmProjects\djangoProject8\.venv\Lib\site-packages\rest_framework\locale\ar\LC_MESSAGES\django.mo first seen with mtime 1744011294.0611773
File C:\Users\Andrei2\PyCharmProjects\djangoProject8\.venv\Lib\site-packages\rest_framework\locale\ach\LC_MESSAGES\django.mo first seen with mtime 1744011294.059157
File C:\Users\Andrei2\PycharmProjects\djangoProject8\.venv\Lib\site-packages\django\contrib\auth\migrations\0007_alter_validators_add_error_messages.py first seen with mtime 1744011253.5250926
File C:\Users\Andrei2\PycharmProjects\djangoProject8\.venv\Lib\site-packages\django\contrib\auth\migrations\0002_alter_permission_name_max_length.py first seen with mtime 1744011253.5222268
File C:\Users\Andrei2\PycharmProjects\djangoProject8\.venv\Lib\site-packages\django\core\cache\backends\locmem.py first seen with mtime 1744011255.532912
File C:\Users\Andrei2\PycharmProjects\djangoProject8\.venv\Lib\site-packages\django\db\migrations\loader.py first seen with mtime 1744011255.6958787
File C:\Users\Andrei2\PycharmProjects\djangoProject8\.venv\Lib\site-packages\django\contrib\sessions\backends\__init__.py first seen with mtime 1744011254.974883
File C:\Users\Andrei2\PycharmProjects\djangoProject8\.venv\Lib\site-packages\django\contrib\auth\migrations\0003_alter_user_email_max_length.py first seen with mtime 1744011253.5222268
File C:\Users\Andrei2\PycharmProjects\djangoProject8\mydogs\migrations\0003_alter_mydogs_category.py first seen with mtime 1744635237.7065198
File C:\Users\Andrei2\PycharmProjects\djangoProject8\.venv\Lib\site-packages\corsheaders\signals.py first seen with mtime 1744011279.3179042
File C:\Users\Andrei2\PycharmProjects\djangoProject8\djangoProject8\wsgi.py first seen with mtime 1743832080.5344362
File C:\Users\Andrei2\PycharmProjects\djangoProject8\.venv\Lib\site-packages\django\middleware\common.py first seen with mtime 1744011255.8866377
File C:\Users\Andrei2\PycharmProjects\djangoProject8\.venv\Lib\site-packages\django\db\migrations\graph.py first seen with mtime 1744011255.6948807
File C:\Users\Andrei2\PycharmProjects\djangoProject8\.venv\Lib\site-packages\django\views\csrf.py first seen with mtime 1744011255.9725776
File C:\Users\Andrei2\PycharmProjects\djangoProject8\mydogs\migrations\0001_initial.py first seen with mtime 1743832080.5649137
File C:\Users\Andrei2\PycharmProjects\djangoProject8\mydogs\migrations\0002_remove_mydogs_cat_remove_mydogs_content_and_more.py first seen with mtime 1743832080.565905
File C:\Users\Andrei2\PycharmProjects\djangoProject8\.venv\Lib\site-packages\django\contrib\contenttypes\migrations\0002_remove_content_type_name.py first seen with mtime 1744011253.755389
File C:\Users\Andrei2\PycharmProjects\djangoProject8\.venv\Lib\site-packages\django\contrib\auth\migrations\__init__.py first seen with mtime 1744011253.5291023
File C:\Users\Andrei2\PycharmProjects\djangoProject8\.venv\Lib\site-packages\django\contrib\admin\migrations\0003_logentry_add_action_flag_choices.py first seen with mtime 1744011252.795546
File C:\Users\Andrei2\PycharmProjects\djangoProject8\.venv\Lib\site-packages\django\contrib\auth\migrations\0010_alter_group_name_max_length.py first seen with mtime 1744011253.5271025
File C:\Users\Andrei2\PycharmProjects\djangoProject8\mydogs\middleware\csp_middleware.py first seen with mtime 1743832080.5605998
File C:\Users\Andrei2\PycharmProjects\djangoProject8\.venv\Lib\site-packages\django\contrib\auth\migrations\0011_update_proxy_permissions.py first seen with mtime 1744011253.5281003
File C:\Users\Andrei2\PycharmProjects\djangoProject8\.venv\Lib\site-packages\django\contrib\auth\migrations\0009_alter_user_last_name_max_length.py first seen with mtime 1744011253.5261004
File C:\Users\Andrei2\PycharmProjects\djangoProject8\.venv\Lib\site-packages\django\contrib\auth\migrations\0001_initial.py first seen with mtime 1744011253.5211298
File C:\Users\Andrei2\PycharmProjects\djangoProject8\.venv\Lib\site-packages\django\middleware\clickjacking.py first seen with mtime 1744011255.8866377
File C:\Users\Andrei2\PycharmProjects\djangoProject8\.venv\Lib\site-packages\django\contrib\sessions\backends\db.py first seen with mtime 1744011254.9780056
File C:\Users\Andrei2\PycharmProjects\djangoProject8\.venv\Lib\site-packages\django\contrib\sessions\migrations\0001_initial.py first seen with mtime 1744011255.1947894
File C:\Users\Andrei2\PycharmProjects\djangoProject8\.venv\Lib\site-packages\django\contrib\auth\migrations\0005_alter_user_last_login_null.py first seen with mtime 1744011253.5236864
File C:\Users\Andrei2\PycharmProjects\djangoProject8\.venv\Lib\site-packages\django\contrib\auth\migrations\0012_alter_user_first_name_max_length.py first seen with mtime 1744011253.5291023
File C:\Users\Andrei2\PycharmProjects\djangoProject8\.venv\Lib\site-packages\corsheaders\middleware.py first seen with mtime 1744011279.316902
File C:\Users\Andrei2\PycharmProjects\djangoProject8\.venv\Lib\site-packages\django\db\migrations\executor.py first seen with mtime 1744011255.6948807
File C:\Users\Andrei2\PycharmProjects\djangoProject8\.venv\Lib\site-packages\django\contrib\admin\migrations\0001_initial.py first seen with mtime 1744011252.7930255
File C:\Users\Andrei2\PycharmProjects\djangoProject8\.venv\Lib\site-packages\django\contrib\auth\migrations\0006_require_contenttypes_0002.py first seen with mtime 1744011253.5236864
File C:\Users\Andrei2\PycharmProjects\djangoProject8\mydogs\migrations\__init__.py first seen with mtime 1743832080.565905
File C:\Users\Andrei2\PycharmProjects\djangoProject8\.venv\Lib\site-packages\django\contrib\sessions\migrations\__init__.py first seen with mtime 1744011255.1947894
File C:\Users\Andrei2\PycharmProjects\djangoProject8\.venv\Lib\site-packages\django\contrib\auth\migrations\0008_alter_user_username_max_length.py first seen with mtime 1744011253.5261004
File C:\Users\Andrei2\PycharmProjects\djangoProject8\.venv\Lib\site-packages\django\contrib\sessions\backends\base.py first seen with mtime 1744011254.9759114
File C:\Users\Andrei2\PycharmProjects\djangoProject8\.venv\Lib\site-packages\django\db\models\sql\compiler.py first seen with mtime 1744011255.7724473
File C:\Users\Andrei2\PycharmProjects\djangoProject8\.venv\Lib\site-packages\django\contrib\auth\migrations\0004_alter_user_username_opts.py first seen with mtime 1744011253.5236864
File C:\Users\Andrei2\PycharmProjects\djangoProject8\.venv\Lib\site-packages\django\contrib\contenttypes\migrations\__init__.py first seen with mtime 1744011253.755389
File C:\Users\Andrei2\PycharmProjects\djangoProject8\.venv\Lib\site-packages\django\contrib\sessions\exceptions.py first seen with mtime 1744011254.9712186
File C:\Users\Andrei2\PycharmProjects\djangoProject8\.venv\Lib\site-packages\django\contrib\admin\migrations\__init__.py first seen with mtime 1744011252.795546
File C:\Users\Andrei2\PycharmProjects\djangoProject8\.venv\Lib\site-packages\django\contrib\sessions\middleware.py first seen with mtime 1744011254.9725504
File C:\Users\Andrei2\PycharmProjects\djangoProject8\.venv\Lib\site-packages\django\contrib\contenttypes\migrations\0001_initial.py first seen with mtime 1744011253.754377
File C:\Users\Andrei2\PycharmProjects\djangoProject8\.venv\Lib\site-packages\django\db\migrations\recorder.py first seen with mtime 1744011255.7012556
File C:\Users\Andrei2\PycharmProjects\djangoProject8\.venv\Lib\site-packages\django\contrib\admin\migrations\0002_logentry_remove_auto_add.py first seen with mtime 1744011252.7945328
File C:\Users\Andrei2\PycharmProjects\djangoProject8\.venv\Lib\site-packages\django\contrib\messages\middleware.py first seen with mtime 1744011254.552935
(0.004) SELECT "mydogs_mydogs"."id", "mydogs_mydogs"."name", "mydogs_mydogs"."breed", "mydogs_mydogs"."age", "mydogs_mydogs"."price", "mydogs_mydogs"."category_id" FROM "mydogs_mydogs"; args=(); alias=default
(0.004) SELECT "mydogs_category"."id", "mydogs_category"."name" FROM "mydogs_category" WHERE "mydogs_category"."id" = 1 LIMIT 21; args=(1,); alias=default
(0.001) SELECT "mydogs_category"."id", "mydogs_category"."name" FROM "mydogs_category" WHERE "mydogs_category"."id" = 2 LIMIT 21; args=(2,); alias=default
(0.001) SELECT "mydogs_category"."id", "mydogs_category"."name" FROM "mydogs_category" WHERE "mydogs_category"."id" = 3 LIMIT 21; args=(3,); alias=default
"GET / HTTP/1.1" 200 14711
File C:\Users\Andrei2\PycharmProjects\djangoProject8\.venv\Lib\site-packages\django\conf\locale\ru\__init__.py first seen with mtime 1744011252.2894962
File C:\Users\Andrei2\PycharmProjects\djangoProject8\.venv\Lib\site-packages\django\contrib\messages\storage\session.py first seen with mtime 1744011254.559324
File C:\Users\Andrei2\PycharmProjects\djangoProject8\.venv\Lib\site-packages\django\template\context_processors.py first seen with mtime 1744011255.894641
File C:\Users\Andrei2\PycharmProjects\djangoProject8\.venv\Lib\site-packages\django\contrib\sessions\serializers.py first seen with mtime 1744011254.9735634
File C:\Users\Andrei2\PycharmProjects\djangoProject8\.venv\Lib\site-packages\django\contrib\staticfiles\storage.py first seen with mtime 1744011255.5049174
File C:\Users\Andrei2\PycharmProjects\djangoProject8\.venv\Lib\site-packages\django\contrib\auth\context_processors.py first seen with mtime 1744011253.231253
File C:\Users\Andrei2\PycharmProjects\djangoProject8\.venv\Lib\site-packages\django\contrib\messages\storage\fallback.py first seen with mtime 1744011254.5583234
File C:\Users\Andrei2\PycharmProjects\djangoProject8\.venv\Lib\site-packages\pygments\style.py first seen with mtime 1744012699.682955
File C:\Users\Andrei2\PycharmProjects\djangoProject8\.venv\Lib\site-packages\django\contrib\messages\storage\cookie.py first seen with mtime 1744011254.557314
File C:\Users\Andrei2\PycharmProjects\djangoProject8\.venv\Lib\site-packages\django\contrib\messages\context_processors.py first seen with mtime 1744011254.5519326
File C:\Users\Andrei2\PycharmProjects\djangoProject8\.venv\Lib\site-packages\pygments\styles\emacs.py first seen with mtime 1744012699.931571
File C:\Users\Andrei2\PycharmProjects\djangoProject8\.venv\Lib\site-packages\django\conf\locale\ru\formats.py first seen with mtime 1744011252.2894962
File C:\Users\Andrei2\PycharmProjects\djangoProject8\djangoProject8\urls.py previous mtime: 1743832080.5344362, current mtime: 1745157290.739249
C:\Users\Andrei2\PycharmProjects\djangoProject8\djangoProject8\urls.py notified as changed. Signal results: [(<function template_changed at 0x0000023F0ADC9080>, None), (<function translation_file_changed at 0x0000023F0B817100>, None)].
C:\Users\Andrei2\PycharmProjects\djangoProject8\djangoProject8\urls.py changed, reloading.
Watching for file changes with StatReloader
Waiting for apps ready_event.
Apps ready_event triggered. Sending autoreload_started signal.
Watching dir C:\Users\Andrei2\PyCharmProjects\djangoProject8\.venv\Lib\site-packages\rest_framework\templates with glob **/*.
Watching dir C:\Users\Andrei2\PycharmProjects\djangoProject8\templates with glob **/*.
Watching dir C:\Users\Andrei2\PyCharmProjects\djangoProject8\locale with glob **/*.mo.
Watching dir C:\Users\Andrei2\PyCharmProjects\djangoProject8\.venv\Lib\site-packages\csp\locale with glob **/*.mo.
Watching dir C:\Users\Andrei2\PyCharmProjects\djangoProject8\.venv\Lib\site-packages\corsheaders\locale with glob **/*.mo.
Watching dir C:\Users\Andrei2\PyCharmProjects\djangoProject8\mydogs\locale with glob **/*.mo.
Watching dir C:\Users\Andrei2\PyCharmProjects\djangoProject8\.venv\Lib\site-packages\rest_framework\locale with glob **/*.mo.
File C:\Users\Andrei2\PycharmProjects\djangoProject8\.venv\Lib\site-packages\django\contrib\admin\utils.py first seen with mtime 1744011252.392901
File C:\Users\Andrei2\PycharmProjects\djangoProject8\.venv\Lib\site-packages\rest_framework\utils\serializer_helpers.py first seen with mtime 1744011294.281151
File C:\Users\Andrei2\AppData\Local\Programs\Python\Python313\DLLs\_queue.pyd first seen with mtime 1728286046.0
File C:\Users\Andrei2\PycharmProjects\djangoProject8\.venv\Lib\site-packages\psycopg\types\datetime.py first seen with mtime 1744012653.744129
File C:\Users\Andrei2\PycharmProjects\djangoProject8\.venv\Lib\site-packages\django\dispatch\dispatcher.py first seen with mtime 1744011255.7799313
File C:\Users\Andrei2\AppData\Local\Programs\Python\Python313\Lib\ctypes\__init__.py first seen with mtime 1728286008.0
File C:\Users\Andrei2\PycharmProjects\djangoProject8\.venv\Lib\site-packages\django\template\smartif.py first seen with mtime 1744011255.9017384
File C:\Users\Andrei2\PycharmProjects\djangoProject8\.venv\Lib\site-packages\django\db\backends\base\creation.py first seen with mtime 1744011255.6386561
File C:\Users\Andrei2\PycharmProjects\djangoProject8\djangoProject8\urls.py first seen with mtime 1745157290.739249
File C:\Users\Andrei2\AppData\Local\Programs\Python\Python313\Lib\email\charset.py first seen with mtime 1728286008.0
File C:\Users\Andrei2\PycharmProjects\djangoProject8\.venv\Lib\site-packages\django\utils\safestring.py first seen with mtime 1744011255.9598067
File C:\Users\Andrei2\AppData\Local\Programs\Python\Python313\Lib\_compat_pickle.py first seen with mtime 1728286008.0
File C:\Users\Andrei2\PycharmProjects\djangoProject8\.venv\Lib\site-packages\django\apps\registry.py first seen with mtime 1744011252.000405
File C:\Users\Andrei2\PycharmProjects\djangoProject8\.venv\Lib\site-packages\django\contrib\sessions\__init__.py first seen with mtime 1744011254.9692214
File C:\Users\Andrei2\AppData\Local\Programs\Python\Python313\Lib\asyncio\timeouts.py first seen with mtime 1728286008.0
File C:\Users\Andrei2\PycharmProjects\djangoProject8\.venv\Lib\site-packages\django\db\backends\signals.py first seen with mtime 1744011255.6321492
File C:\Users\Andrei2\PycharmProjects\djangoProject8\.venv\Lib\site-packages\urllib3\util\ssltransport.py first seen with mtime 1744013362.7045653
File C:\Users\Andrei2\AppData\Local\Programs\Python\Python313\Lib\wsgiref\handlers.py first seen with mtime 1728286008.0
File C:\Users\Andrei2\PycharmProjects\djangoProject8\.venv\Lib\site-packages\charset_normalizer\md__mypyc.cp313-win_amd64.pyd first seen with mtime 1744011158.5556886
File C:\Users\Andrei2\AppData\Local\Programs\Python\Python313\Lib\linecache.py first seen with mtime 1728286008.0
File C:\Users\Andrei2\PycharmProjects\djangoProject8\.venv\Lib\site-packages\_distutils_hack\__init__.py first seen with mtime 1744013256.5596921
File C:\Users\Andrei2\PycharmProjects\djangoProject8\.venv\Lib\site-packages\psycopg\cursor_async.py first seen with mtime 1744012653.715117
File C:\Users\Andrei2\PycharmProjects\djangoProject8\.venv\Lib\site-packages\colorama\ansitowin32.py first seen with mtime 1744011168.9564989
File C:\Users\Andrei2\PycharmProjects\djangoProject8\.venv\Lib\site-packages\requests\compat.py first seen with mtime 1743832080.2651157
File C:\Users\Andrei2\PycharmProjects\djangoProject8\.venv\Lib\site-packages\django\contrib\staticfiles\management\commands\runserver.py first seen with mtime 1744011255.513269
File C:\Users\Andrei2\PycharmProjects\djangoProject8\.venv\Lib\site-packages\django\contrib\staticfiles\views.py first seen with mtime 1744011255.5080318
File C:\Users\Andrei2\PycharmProjects\djangoProject8\.venv\Lib\site-packages\uritemplate\orderedset.py first seen with mtime 1744011697.939969
File C:\Users\Andrei2\PycharmProjects\djangoProject8\.venv\Lib\site-packages\psycopg\adapt.py first seen with mtime 1744012653.70894
File C:\Users\Andrei2\AppData\Local\Programs\Python\Python313\Lib\importlib\metadata\_meta.py first seen with mtime 1728286008.0
File C:\Users\Andrei2\AppData\Local\Programs\Python\Python313\Lib\asyncio\mixins.py first seen with mtime 1728286008.0
File C:\Users\Andrei2\PycharmProjects\djangoProject8\.venv\Lib\site-packages\psycopg\transaction.py first seen with mtime 1744012653.7243383
File C:\Users\Andrei2\PycharmProjects\djangoProject8\.venv\Lib\site-packages\django\db\models\fields\related_descriptors.py first seen with mtime 1744011255.7545054
File C:\Users\Andrei2\PycharmProjects\djangoProject8\mydogs\apps.py first seen with mtime 1743832080.554012
File C:\Users\Andrei2\PycharmProjects\djangoProject8\.venv\Lib\site-packages\django\core\validators.py first seen with mtime 1744011255.5236237
File C:\Users\Andrei2\PycharmProjects\djangoProject8\.venv\Lib\site-packages\django\contrib\admin\decorators.py first seen with mtime 1744011252.3830392
File C:\Users\Andrei2\PycharmProjects\djangoProject8\.venv\Lib\site-packages\psycopg\_oids.py first seen with mtime 1744012653.696447
File C:\Users\Andrei2\PycharmProjects\djangoProject8\.venv\Lib\site-packages\django\contrib\auth\tokens.py first seen with mtime 1744011253.2392526
File C:\Users\Andrei2\PycharmProjects\djangoProject8\.venv\Lib\site-packages\django\contrib\postgres\__init__.py first seen with mtime 1744011254.559324
File C:\Users\Andrei2\PycharmProjects\djangoProject8\.venv\Lib\site-packages\django\db\models\deletion.py first seen with mtime 1744011255.7344685
File C:\Users\Andrei2\PycharmProjects\djangoProject8\.venv\Lib\site-packages\django\contrib\auth\signals.py first seen with mtime 1744011253.238253
File C:\Users\Andrei2\AppData\Local\Programs\Python\Python313\Lib\email\_encoded_words.py first seen with mtime 1728286008.0
File C:\Users\Andrei2\PycharmProjects\djangoProject8\.venv\Lib\site-packages\requests\utils.py first seen with mtime 1743832080.273621
File C:\Users\Andrei2\PycharmProjects\djangoProject8\.venv\Lib\site-packages\django\core\handlers\wsgi.py first seen with mtime 1744011255.5722613
File C:\Users\Andrei2\PycharmProjects\djangoProject8\.venv\Lib\site-packages\django\utils\datastructures.py first seen with mtime 1744011255.9361088
File C:\Users\Andrei2\PycharmProjects\djangoProject8\.venv\Lib\site-packages\django\contrib\admin\actions.py first seen with mtime 1744011252.380802
File C:\Users\Andrei2\PycharmProjects\djangoProject8\.venv\Lib\site-packages\django\forms\widgets.py first seen with mtime 1744011255.7910473
File C:\Users\Andrei2\AppData\Local\Programs\Python\Python313\Lib\encodings\utf_8_sig.py first seen with mtime 1728286008.0
File C:\Users\Andrei2\PycharmProjects\djangoProject8\.venv\Lib\site-packages\django\contrib\admin\sites.py first seen with mtime 1744011252.3905263
File C:\Users\Andrei2\PycharmProjects\djangoProject8\.venv\Lib\site-packages\django\db\models\functions\text.py first seen with mtime 1744011255.76845
File C:\Users\Andrei2\PycharmProjects\djangoProject8\.venv\Lib\site-packages\rest_framework\validators.py first seen with mtime 1744011294.0404513
File C:\Users\Andrei2\PycharmProjects\djangoProject8\.venv\Lib\site-packages\django\utils\module_loading.py first seen with mtime 1744011255.9568074
File C:\Users\Andrei2\AppData\Local\Programs\Python\Python313\Lib\asyncio\tasks.py first seen with mtime 1728286008.0
File C:\Users\Andrei2\PycharmProjects\djangoProject8\.venv\Lib\site-packages\django\templatetags\__init__.py first seen with mtime 1744011255.9128494
File C:\Users\Andrei2\PycharmProjects\djangoProject8\.venv\Lib\site-packages\django\core\checks\__init__.py first seen with mtime 1744011255.5366755
File C:\Users\Andrei2\AppData\Local\Programs\Python\Python313\Lib\numbers.py first seen with mtime 1728286008.0
File C:\Users\Andrei2\AppData\Local\Programs\Python\Python313\Lib\re\_compiler.py first seen with mtime 1728286008.0
File C:\Users\Andrei2\PycharmProjects\djangoProject8\.venv\Lib\site-packages\asgiref\sync.py first seen with mtime 1744009552.5431595
File C:\Users\Andrei2\PycharmProjects\djangoProject8\.venv\Lib\site-packages\pygments\lexers\_mapping.py first seen with mtime 1744012699.7111657
File C:\Users\Andrei2\AppData\Local\Programs\Python\Python313\Lib\ast.py first seen with mtime 1728286008.0
File C:\Users\Andrei2\AppData\Local\Programs\Python\Python313\Lib\email\mime\base.py first seen with mtime 1728286008.0
File C:\Users\Andrei2\PycharmProjects\djangoProject8\.venv\Lib\site-packages\django\core\checks\templates.py first seen with mtime 1744011255.544172
File C:\Users\Andrei2\PycharmProjects\djangoProject8\.venv\Lib\site-packages\psycopg\cursor.py first seen with mtime 1744012653.713725
File C:\Users\Andrei2\PycharmProjects\djangoProject8\.venv\Lib\site-packages\requests\sessions.py first seen with mtime 1743832080.27164
File C:\Users\Andrei2\AppData\Local\Programs\Python\Python313\Lib\zipfile\_path\__init__.py first seen with mtime 1728286008.0
File C:\Users\Andrei2\PycharmProjects\djangoProject8\.venv\Lib\site-packages\django\core\management\commands\runserver.py first seen with mtime 1744011255.606015
File C:\Users\Andrei2\PycharmProjects\djangoProject8\.venv\Lib\site-packages\django\urls\exceptions.py first seen with mtime 1744011255.9269593
File C:\Users\Andrei2\PycharmProjects\djangoProject8\.venv\Lib\site-packages\django\db\backends\postgresql\__init__.py first seen with mtime 1744011255.669968
File C:\Users\Andrei2\PycharmProjects\djangoProject8\.venv\Lib\site-packages\psycopg\types\bool.py first seen with mtime 1744012653.7421098
File C:\Users\Andrei2\PycharmProjects\djangoProject8\.venv\Lib\site-packages\django\template\backends\django.py first seen with mtime 1744011255.9047415
File C:\Users\Andrei2\AppData\Local\Programs\Python\Python313\Lib\json\encoder.py first seen with mtime 1728286008.0
File C:\Users\Andrei2\PycharmProjects\djangoProject8\.venv\Lib\site-packages\psycopg\_pipeline.py first seen with mtime 1744012653.696447
File C:\Users\Andrei2\PycharmProjects\djangoProject8\.venv\Lib\site-packages\idna\package_data.py first seen with mtime 1743832079.3673258
File C:\Users\Andrei2\PycharmProjects\djangoProject8\.venv\Lib\site-packages\psycopg\types\numeric.py first seen with mtime 1744012653.7520792
File C:\Users\Andrei2\PycharmProjects\djangoProject8\.venv\Lib\site-packages\django\core\files\storage\filesystem.py first seen with mtime 1744011255.562496
File C:\Users\Andrei2\PycharmProjects\djangoProject8\.venv\Lib\site-packages\uritemplate\api.py first seen with mtime 1744011697.938955
File C:\Users\Andrei2\PycharmProjects\djangoProject8\.venv\Lib\site-packages\django\core\mail\utils.py first seen with mtime 1744011255.5752604
File C:\Users\Andrei2\PycharmProjects\djangoProject8\.venv\Lib\site-packages\django\utils\autoreload.py first seen with mtime 1744011255.9331062
File C:\Users\Andrei2\PycharmProjects\djangoProject8\.venv\Lib\site-packages\rest_framework\utils\html.py first seen with mtime 1744011294.276477
File C:\Users\Andrei2\PycharmProjects\djangoProject8\.venv\Lib\site-packages\sqlparse\formatter.py first seen with mtime 1744013322.5154383
File C:\Users\Andrei2\PycharmProjects\djangoProject8\.venv\Lib\site-packages\django\contrib\messages\__init__.py first seen with mtime 1744011254.5489318
File C:\Users\Andrei2\AppData\Local\Programs\Python\Python313\Lib\asyncio\base_subprocess.py first seen with mtime 1728286008.0
File C:\Users\Andrei2\PycharmProjects\djangoProject8\.venv\Lib\site-packages\psycopg\_copy.py first seen with mtime 1744012653.6895852
File C:\Users\Andrei2\PycharmProjects\djangoProject8\.venv\Lib\site-packages\django\core\handlers\asgi.py first seen with mtime 1744011255.569262
File C:\Users\Andrei2\PycharmProjects\djangoProject8\.venv\Lib\site-packages\django\templatetags\static.py first seen with mtime 1744011255.9158452
File C:\Users\Andrei2\AppData\Local\Programs\Python\Python313\Lib\concurrent\futures\thread.py first seen with mtime 1728286008.0
File C:\Users\Andrei2\AppData\Local\Programs\Python\Python313\Lib\token.py first seen with mtime 1728286008.0
File C:\Users\Andrei2\PycharmProjects\djangoProject8\.venv\Lib\site-packages\rest_framework\schemas\__init__.py first seen with mtime 1744011294.1550825
File C:\Users\Andrei2\AppData\Local\Programs\Python\Python313\Lib\email\__init__.py first seen with mtime 1728286008.0
File C:\Users\Andrei2\PycharmProjects\djangoProject8\.venv\Lib\site-packages\django\contrib\postgres\lookups.py first seen with mtime 1744011254.5646775
File C:\Users\Andrei2\PycharmProjects\djangoProject8\.venv\Lib\site-packages\django\contrib\sites\shortcuts.py first seen with mtime 1744011255.206216
File C:\Users\Andrei2\PycharmProjects\djangoProject8\.venv\Lib\site-packages\psycopg\connection_async.py first seen with mtime 1744012653.711278
File C:\Users\Andrei2\AppData\Local\Programs\Python\Python313\Lib\logging\config.py first seen with mtime 1728286008.0
File C:\Users\Andrei2\AppData\Local\Programs\Python\Python313\Lib\email\feedparser.py first seen with mtime 1728286008.0
File C:\Users\Andrei2\PycharmProjects\djangoProject8\.venv\Lib\site-packages\django\views\decorators\debug.py first seen with mtime 1744011255.9806914
File C:\Users\Andrei2\PycharmProjects\djangoProject8\.venv\Lib\site-packages\django\db\models\sql\query.py first seen with mtime 1744011255.7764766
File C:\Users\Andrei2\PycharmProjects\djangoProject8\.venv\Lib\site-packages\django\contrib\auth\decorators.py first seen with mtime 1744011253.2322528
File C:\Users\Andrei2\PycharmProjects\djangoProject8\.venv\Lib\site-packages\django\contrib\postgres\utils.py first seen with mtime 1744011254.5678685
File C:\Users\Andrei2\AppData\Local\Programs\Python\Python313\Lib\importlib\metadata\_collections.py first seen with mtime 1728286008.0
File C:\Users\Andrei2\PycharmProjects\djangoProject8\.venv\Lib\site-packages\sqlparse\engine\statement_splitter.py first seen with mtime 1744013322.5242453
File C:\Users\Andrei2\AppData\Local\Programs\Python\Python313\Lib\glob.py first seen with mtime 1728286008.0
File C:\Users\Andrei2\AppData\Local\Programs\Python\Python313\Lib\opcode.py first seen with mtime 1728286008.0
File C:\Users\Andrei2\PycharmProjects\djangoProject8\.venv\Lib\site-packages\rest_framework\views.py first seen with mtime 1744011294.0426743
File C:\Users\Andrei2\PycharmProjects\djangoProject8\.venv\Lib\site-packages\django\conf\urls\__init__.py first seen with mtime 1744011252.3758001
File C:\Users\Andrei2\AppData\Local\Programs\Python\Python313\Lib\socket.py first seen with mtime 1728286008.0
File C:\Users\Andrei2\PycharmProjects\djangoProject8\.venv\Lib\site-packages\django\db\models\fields\related_lookups.py first seen with mtime 1744011255.758146
File C:\Users\Andrei2\PycharmProjects\djangoProject8\.venv\Lib\site-packages\psycopg\types\uuid.py first seen with mtime 1744012653.7570302
File C:\Users\Andrei2\AppData\Local\Programs\Python\Python313\Lib\contextlib.py first seen with mtime 1728286008.0
File C:\Users\Andrei2\PycharmProjects\djangoProject8\.venv\Lib\site-packages\colorama\ansi.py first seen with mtime 1744011168.9564989
File C:\Users\Andrei2\PycharmProjects\djangoProject8\.venv\Lib\site-packages\django\db\migrations\migration.py first seen with mtime 1744011255.6968763
File C:\Users\Andrei2\PycharmProjects\djangoProject8\.venv\Lib\site-packages\idna\core.py first seen with mtime 1743832079.3673258
File C:\Users\Andrei2\AppData\Local\Programs\Python\Python313\DLLs\_decimal.pyd first seen with mtime 1728286046.0
File C:\Users\Andrei2\PycharmProjects\djangoProject8\.venv\Lib\site-packages\psycopg\connection.py first seen with mtime 1744012653.7102656
File C:\Users\Andrei2\PycharmProjects\djangoProject8\.venv\Lib\site-packages\django\utils\tree.py first seen with mtime 1744011255.96446
File C:\Users\Andrei2\AppData\Local\Programs\Python\Python313\Lib\wsgiref\headers.py first seen with mtime 1728286008.0
File C:\Users\Andrei2\AppData\Local\Programs\Python\Python313\Lib\http\cookiejar.py first seen with mtime 1728286008.0
File C:\Users\Andrei2\PycharmProjects\djangoProject8\.venv\Lib\site-packages\urllib3\poolmanager.py first seen with mtime 1744013362.6795294
File C:\Users\Andrei2\PycharmProjects\djangoProject8\.venv\Lib\site-packages\pygments\lexers\special.py first seen with mtime 1744012699.882079
File C:\Users\Andrei2\PycharmProjects\djangoProject8\.venv\Lib\site-packages\django\dispatch\__init__.py first seen with mtime 1744011255.7799313
File C:\Users\Andrei2\PycharmProjects\djangoProject8\.venv\Lib\site-packages\django\views\debug.py first seen with mtime 1744011255.973577
File C:\Users\Andrei2\AppData\Local\Programs\Python\Python313\Lib\queue.py first seen with mtime 1728286008.0
File C:\Users\Andrei2\AppData\Local\Programs\Python\Python313\Lib\nturl2path.py first seen with mtime 1728286008.0
File C:\Users\Andrei2\PycharmProjects\djangoProject8\.venv\Lib\site-packages\django\contrib\messages\apps.py first seen with mtime 1744011254.54993
File C:\Users\Andrei2\PycharmProjects\djangoProject8\.venv\Lib\site-packages\urllib3\util\response.py first seen with mtime 1744013362.7004535
File C:\Users\Andrei2\PycharmProjects\djangoProject8\.venv\Lib\site-packages\django\contrib\contenttypes\__init__.py first seen with mtime 1744011253.532598
File C:\Users\Andrei2\AppData\Local\Programs\Python\Python313\Lib\importlib\abc.py first seen with mtime 1728286008.0
File C:\Users\Andrei2\AppData\Local\Programs\Python\Python313\Lib\hashlib.py first seen with mtime 1728286008.0
File C:\Users\Andrei2\AppData\Local\Programs\Python\Python313\DLLs\select.pyd first seen with mtime 1728286046.0
File C:\Users\Andrei2\AppData\Local\Programs\Python\Python313\Lib\asyncio\base_futures.py first seen with mtime 1728286008.0
File C:\Users\Andrei2\PycharmProjects\djangoProject8\.venv\Lib\site-packages\rest_framework\utils\__init__.py first seen with mtime 1744011294.2718875
File C:\Users\Andrei2\PycharmProjects\djangoProject8\.venv\Lib\site-packages\django\utils\regex_helper.py first seen with mtime 1744011255.958807
File C:\Users\Andrei2\PycharmProjects\djangoProject8\.venv\Lib\site-packages\rest_framework\utils\breadcrumbs.py first seen with mtime 1744011294.272945
File C:\Users\Andrei2\PycharmProjects\djangoProject8\.venv\Lib\site-packages\django\db\models\functions\datetime.py first seen with mtime 1744011255.765163
File C:\Users\Andrei2\PycharmProjects\djangoProject8\.venv\Lib\site-packages\django\forms\renderers.py first seen with mtime 1744011255.7890472
File C:\Users\Andrei2\PycharmProjects\djangoProject8\.venv\Lib\site-packages\psycopg\raw_cursor.py first seen with mtime 1744012653.7218485
File C:\Users\Andrei2\PycharmProjects\djangoProject8\.venv\Lib\site-packages\django\utils\decorators.py first seen with mtime 1744011255.940338
File C:\Users\Andrei2\PycharmProjects\djangoProject8\.venv\Lib\site-packages\django\contrib\auth\hashers.py first seen with mtime 1744011253.234253
File C:\Users\Andrei2\AppData\Local\Programs\Python\Python313\Lib\bz2.py first seen with mtime 1728286008.0
File C:\Users\Andrei2\AppData\Local\Programs\Python\Python313\Lib\concurrent\__init__.py first seen with mtime 1728286008.0
File C:\Users\Andrei2\PycharmProjects\djangoProject8\.venv\Lib\site-packages\django\contrib\auth\views.py first seen with mtime 1744011253.2413397
File C:\Users\Andrei2\AppData\Local\Programs\Python\Python313\Lib\importlib\resources\abc.py first seen with mtime 1728286008.0
File C:\Users\Andrei2\AppData\Local\Programs\Python\Python313\Lib\importlib\resources\_functional.py first seen with mtime 1728286008.0
File C:\Users\Andrei2\AppData\Local\Programs\Python\Python313\Lib\asyncio\exceptions.py first seen with mtime 1728286008.0
File C:\Users\Andrei2\PycharmProjects\djangoProject8\.venv\Lib\site-packages\charset_normalizer\cd.py first seen with mtime 1744011158.5489416
File C:\Users\Andrei2\PycharmProjects\djangoProject8\.venv\Lib\site-packages\requests\models.py first seen with mtime 1743832080.2683997
File C:\Users\Andrei2\PycharmProjects\djangoProject8\.venv\Lib\site-packages\django\db\migrations\operations\base.py first seen with mtime 1744011255.7244658
File C:\Users\Andrei2\PycharmProjects\djangoProject8\.venv\Lib\site-packages\colorama\winterm.py first seen with mtime 1744011168.9606378
File C:\Users\Andrei2\PycharmProjects\djangoProject8\.venv\Lib\site-packages\pygments\plugin.py first seen with mtime 1744012699.6814983
File C:\Users\Andrei2\PycharmProjects\djangoProject8\.venv\Lib\site-packages\urllib3\util\retry.py first seen with mtime 1744013362.7013717
File C:\Users\Andrei2\PycharmProjects\djangoProject8\.venv\Lib\site-packages\pygments\util.py first seen with mtime 1744012699.685459
File C:\Users\Andrei2\PycharmProjects\djangoProject8\.venv\Lib\site-packages\csp\templatetags\__init__.py first seen with mtime 1744011290.0056999
File C:\Users\Andrei2\AppData\Local\Programs\Python\Python313\Lib\email\iterators.py first seen with mtime 1728286008.0
File C:\Users\Andrei2\PycharmProjects\djangoProject8\.venv\Lib\site-packages\psycopg\types\json.py first seen with mtime 1744012653.748738
File C:\Users\Andrei2\AppData\Local\Programs\Python\Python313\Lib\http\cookies.py first seen with mtime 1728286008.0
File C:\Users\Andrei2\AppData\Local\Programs\Python\Python313\Lib\urllib\error.py first seen with mtime 1728286008.0
File C:\Users\Andrei2\PycharmProjects\djangoProject8\.venv\Lib\site-packages\colorama\initialise.py first seen with mtime 1744011168.9575467
File C:\Users\Andrei2\AppData\Local\Programs\Python\Python313\DLLs\_asyncio.pyd first seen with mtime 1728286046.0
File C:\Users\Andrei2\PycharmProjects\djangoProject8\.venv\Lib\site-packages\django\db\migrations\operations\models.py first seen with mtime 1744011255.727466
File C:\Users\Andrei2\AppData\Local\Programs\Python\Python313\Lib\re\_constants.py first seen with mtime 1728286008.0
File C:\Users\Andrei2\PycharmProjects\djangoProject8\.venv\Lib\site-packages\django\contrib\auth\checks.py first seen with mtime 1744011253.23015
File C:\Users\Andrei2\PycharmProjects\djangoProject8\.venv\Lib\site-packages\psycopg\rows.py first seen with mtime 1744012653.7218485
File C:\Users\Andrei2\PycharmProjects\djangoProject8\.venv\Lib\site-packages\django\templatetags\tz.py first seen with mtime 1744011255.91696
File C:\Users\Andrei2\PycharmProjects\djangoProject8\.venv\Lib\site-packages\django\utils\html.py first seen with mtime 1744011255.946594
File C:\Users\Andrei2\PycharmProjects\djangoProject8\.venv\Lib\site-packages\psycopg\_encodings.py first seen with mtime 1744012653.6942067
File C:\Users\Andrei2\AppData\Local\Programs\Python\Python313\Lib\reprlib.py first seen with mtime 1728286008.0
File C:\Users\Andrei2\AppData\Local\Programs\Python\Python313\Lib\sysconfig\__init__.py first seen with mtime 1728286008.0
File C:\Users\Andrei2\PycharmProjects\djangoProject8\.venv\Lib\site-packages\django\core\files\base.py first seen with mtime 1744011255.5540018
File C:\Users\Andrei2\PycharmProjects\djangoProject8\.venv\Lib\site-packages\psycopg\conninfo.py first seen with mtime 1744012653.7123978
File C:\Users\Andrei2\PycharmProjects\djangoProject8\.venv\Lib\site-packages\django\utils\crypto.py first seen with mtime 1744011255.9361088
File C:\Users\Andrei2\PycharmProjects\djangoProject8\.venv\Lib\site-packages\charset_normalizer\api.py first seen with mtime 1744011158.5452528
File C:\Users\Andrei2\PycharmProjects\djangoProject8\.venv\Lib\site-packages\django\template\backends\base.py first seen with mtime 1744011255.903738
File C:\Users\Andrei2\PycharmProjects\djangoProject8\.venv\Lib\site-packages\django\urls\__init__.py first seen with mtime 1744011255.9249597
File C:\Users\Andrei2\PycharmProjects\djangoProject8\.venv\Lib\site-packages\django\core\checks\compatibility\__init__.py first seen with mtime 1744011255.5474434
File C:\Users\Andrei2\PycharmProjects\djangoProject8\.venv\Lib\site-packages\django\template\loaders\base.py first seen with mtime 1744011255.9097385
File C:\Users\Andrei2\PycharmProjects\djangoProject8\.venv\Lib\site-packages\sqlparse\__init__.py first seen with mtime 1744013322.5119338
File C:\Users\Andrei2\AppData\Local\Programs\Python\Python313\Lib\_compression.py first seen with mtime 1728286008.0
File C:\Users\Andrei2\PycharmProjects\djangoProject8\.venv\Lib\site-packages\sqlparse\engine\grouping.py first seen with mtime 1744013322.523234
File C:\Users\Andrei2\AppData\Local\Programs\Python\Python313\Lib\ctypes\util.py first seen with mtime 1728286008.0
File C:\Users\Andrei2\PycharmProjects\djangoProject8\.venv\Lib\site-packages\urllib3\__init__.py first seen with mtime 1744013362.6682725
File C:\Users\Andrei2\PycharmProjects\djangoProject8\.venv\Lib\site-packages\django\contrib\admin\helpers.py first seen with mtime 1744011252.3880527
File C:\Users\Andrei2\PycharmProjects\djangoProject8\.venv\Lib\site-packages\django\db\backends\postgresql\psycopg_any.py first seen with mtime 1744011255.6793563
File C:\Users\Andrei2\PycharmProjects\djangoProject8\.venv\Lib\site-packages\pygments\modeline.py first seen with mtime 1744012699.6803615
File C:\Users\Andrei2\PycharmProjects\djangoProject8\.venv\Lib\site-packages\django\template\backends\__init__.py first seen with mtime 1744011255.9027367
File C:\Users\Andrei2\PycharmProjects\djangoProject8\.venv\Lib\site-packages\corsheaders\defaults.py first seen with mtime 1744011279.315893
File C:\Users\Andrei2\PycharmProjects\djangoProject8\.venv\Lib\site-packages\django\core\checks\security\csrf.py first seen with mtime 1744011255.5510013
File C:\Users\Andrei2\PycharmProjects\djangoProject8\.venv\Lib\site-packages\django\db\models\constraints.py first seen with mtime 1744011255.7334652
File C:\Users\Andrei2\PycharmProjects\djangoProject8\.venv\Lib\site-packages\django\utils\encoding.py first seen with mtime 1744011255.9433339
File C:\Users\Andrei2\PycharmProjects\djangoProject8\.venv\Lib\site-packages\urllib3\http2\__init__.py first seen with mtime 1744013362.6941333
File C:\Users\Andrei2\AppData\Local\Programs\Python\Python313\Lib\struct.py first seen with mtime 1728286008.0
File C:\Users\Andrei2\PycharmProjects\djangoProject8\.venv\Lib\site-packages\django\db\backends\base\schema.py first seen with mtime 1744011255.6430607
File C:\Users\Andrei2\AppData\Local\Programs\Python\Python313\DLLs\_ctypes.pyd first seen with mtime 1728286046.0
File C:\Users\Andrei2\AppData\Local\Programs\Python\Python313\Lib\dataclasses.py first seen with mtime 1728286008.0
File C:\Users\Andrei2\PycharmProjects\djangoProject8\.venv\Lib\site-packages\sqlparse\filters\reindent.py first seen with mtime 1744013322.5290291
File C:\Users\Andrei2\AppData\Local\Programs\Python\Python313\DLLs\_uuid.pyd first seen with mtime 1728286046.0
File C:\Users\Andrei2\PycharmProjects\djangoProject8\.venv\Lib\site-packages\django\db\migrations\operations\fields.py first seen with mtime 1744011255.7264657
File C:\Users\Andrei2\PycharmProjects\djangoProject8\.venv\Lib\site-packages\sqlparse\cli.py first seen with mtime 1744013322.5129485
File C:\Users\Andrei2\PycharmProjects\djangoProject8\.venv\Lib\site-packages\urllib3\_version.py first seen with mtime 1744013362.6722207
File C:\Users\Andrei2\PycharmProjects\djangoProject8\.venv\Lib\site-packages\django\contrib\auth\admin.py first seen with mtime 1744011253.2252803
File C:\Users\Andrei2\PycharmProjects\djangoProject8\.venv\Lib\site-packages\rest_framework\generics.py first seen with mtime 1744011294.0219712
File C:\Users\Andrei2\AppData\Local\Programs\Python\Python313\Lib\importlib\metadata\_text.py first seen with mtime 1728286008.0
File C:\Users\Andrei2\PycharmProjects\djangoProject8\.venv\Lib\site-packages\urllib3\fields.py first seen with mtime 1744013362.677357
File C:\Users\Andrei2\PycharmProjects\djangoProject8\.venv\Lib\site-packages\django\contrib\admin\templatetags\base.py first seen with mtime 1744011252.9604437
File C:\Users\Andrei2\PycharmProjects\djangoProject8\.venv\Lib\site-packages\urllib3\_request_methods.py first seen with mtime 1744013362.6722207
File C:\Users\Andrei2\PycharmProjects\djangoProject8\.venv\Lib\site-packages\urllib3\response.py first seen with mtime 1744013362.6825657
File C:\Users\Andrei2\PycharmProjects\djangoProject8\.venv\Lib\site-packages\django\db\models\options.py first seen with mtime 1744011255.7404647
File C:\Users\Andrei2\AppData\Local\Programs\Python\Python313\Lib\pathlib\_abc.py first seen with mtime 1728286008.0
File C:\Users\Andrei2\AppData\Local\Programs\Python\Python313\Lib\asyncio\coroutines.py first seen with mtime 1728286008.0
File C:\Users\Andrei2\PycharmProjects\djangoProject8\.venv\Lib\site-packages\psycopg\waiting.py first seen with mtime 1744012653.726969
File C:\Users\Andrei2\PycharmProjects\djangoProject8\.venv\Lib\site-packages\django\urls\conf.py first seen with mtime 1744011255.9259593
File C:\Users\Andrei2\PycharmProjects\djangoProject8\.venv\Lib\site-packages\dotenv\parser.py first seen with mtime 1744640427.3665562
File C:\Users\Andrei2\PycharmProjects\djangoProject8\.venv\Lib\site-packages\sqlparse\filters\__init__.py first seen with mtime 1744013322.5255833
File C:\Users\Andrei2\PycharmProjects\djangoProject8\.venv\Lib\site-packages\django\db\models\utils.py first seen with mtime 1744011255.74482
File C:\Users\Andrei2\AppData\Local\Programs\Python\Python313\Lib\datetime.py first seen with mtime 1728286008.0
File C:\Users\Andrei2\AppData\Local\Programs\Python\Python313\Lib\importlib\_abc.py first seen with mtime 1728286008.0
File C:\Users\Andrei2\PycharmProjects\djangoProject8\.venv\Lib\site-packages\pytz\tzinfo.py first seen with mtime 1744012754.6895628
File C:\Users\Andrei2\AppData\Local\Programs\Python\Python313\Lib\importlib\resources\_adapters.py first seen with mtime 1728286008.0
File C:\Users\Andrei2\PycharmProjects\djangoProject8\.venv\Lib\site-packages\django\contrib\staticfiles\management\commands\__init__.py first seen with mtime 1744011255.510029
File C:\Users\Andrei2\PycharmProjects\djangoProject8\.venv\Lib\site-packages\rest_framework\status.py first seen with mtime 1744011294.0364401
File C:\Users\Andrei2\AppData\Local\Programs\Python\Python313\Lib\json\__init__.py first seen with mtime 1728286008.0
File C:\Users\Andrei2\PycharmProjects\djangoProject8\.venv\Lib\site-packages\psycopg\_transformer.py first seen with mtime 1744012653.703172
File C:\Users\Andrei2\PycharmProjects\djangoProject8\.venv\Lib\site-packages\django\views\i18n.py first seen with mtime 1744011255.9755764
File C:\Users\Andrei2\PycharmProjects\djangoProject8\.venv\Lib\site-packages\certifi\__init__.py first seen with mtime 1744011116.716529
File C:\Users\Andrei2\PycharmProjects\djangoProject8\.venv\Lib\site-packages\django\utils\_os.py first seen with mtime 1744011255.9311361
File C:\Users\Andrei2\PycharmProjects\djangoProject8\.venv\Lib\site-packages\psycopg\_copy_async.py first seen with mtime 1744012653.6907496
File C:\Users\Andrei2\PycharmProjects\djangoProject8\.venv\Lib\site-packages\pygments\lexers\__init__.py first seen with mtime 1744012699.6992483
File C:\Users\Andrei2\PycharmProjects\djangoProject8\.venv\Lib\site-packages\rest_framework\serializers.py first seen with mtime 1744011294.0351198
File C:\Users\Andrei2\AppData\Local\Programs\Python\Python313\Lib\zoneinfo\_common.py first seen with mtime 1728286008.0
File C:\Users\Andrei2\AppData\Local\Programs\Python\Python313\Lib\functools.py first seen with mtime 1728286008.0
File C:\Users\Andrei2\AppData\Local\Programs\Python\Python313\Lib\email\mime\message.py first seen with mtime 1728286008.0
File C:\Users\Andrei2\PycharmProjects\djangoProject8\.venv\Lib\site-packages\django\contrib\auth\models.py first seen with mtime 1744011253.2362535
File C:\Users\Andrei2\PycharmProjects\djangoProject8\.venv\Lib\site-packages\django\utils\translation\__init__.py first seen with mtime 1744011255.9674602
File C:\Users\Andrei2\PycharmProjects\djangoProject8\.venv\Lib\site-packages\django\core\exceptions.py first seen with mtime 1744011255.5188677
File C:\Users\Andrei2\PycharmProjects\djangoProject8\.venv\Lib\site-packages\django\db\backends\postgresql\introspection.py first seen with mtime 1744011255.67636
File C:\Users\Andrei2\PycharmProjects\djangoProject8\.venv\Lib\site-packages\django\utils\formats.py first seen with mtime 1744011255.9450788
File C:\Users\Andrei2\PycharmProjects\djangoProject8\.venv\Lib\site-packages\psycopg\_connection_info.py first seen with mtime 1744012653.6856623
File C:\Users\Andrei2\AppData\Local\Programs\Python\Python313\Lib\email\mime\multipart.py first seen with mtime 1728286008.0
File C:\Users\Andrei2\AppData\Local\Programs\Python\Python313\Lib\email\_policybase.py first seen with mtime 1728286008.0
File C:\Users\Andrei2\PycharmProjects\djangoProject8\.venv\Lib\site-packages\requests\status_codes.py first seen with mtime 1743832080.27164
File C:\Users\Andrei2\PycharmProjects\djangoProject8\.venv\Lib\site-packages\django\views\decorators\cache.py first seen with mtime 1744011255.977692
File C:\Users\Andrei2\AppData\Local\Programs\Python\Python313\Lib\asyncio\locks.py first seen with mtime 1728286008.0
File C:\Users\Andrei2\AppData\Local\Programs\Python\Python313\Lib\importlib\resources\_itertools.py first seen with mtime 1728286008.0
File C:\Users\Andrei2\AppData\Local\Programs\Python\Python313\Lib\string.py first seen with mtime 1728286008.0
File C:\Users\Andrei2\PycharmProjects\djangoProject8\.venv\Lib\site-packages\pygments\lexer.py first seen with mtime 1744012699.6803615
File C:\Users\Andrei2\PycharmProjects\djangoProject8\.venv\Lib\site-packages\asgiref\__init__.py first seen with mtime 1744009552.5349772
File C:\Users\Andrei2\AppData\Local\Programs\Python\Python313\Lib\fnmatch.py first seen with mtime 1728286008.0
File C:\Users\Andrei2\PycharmProjects\djangoProject8\.venv\Lib\site-packages\asgiref\current_thread_executor.py first seen with mtime 1744009552.537484
File C:\Users\Andrei2\PycharmProjects\djangoProject8\.venv\Lib\site-packages\django\template\loaders\__init__.py first seen with mtime 1744011255.9077418
File C:\Users\Andrei2\PycharmProjects\djangoProject8\.venv\Lib\site-packages\psycopg\_wrappers.py first seen with mtime 1744012653.706688
File C:\Users\Andrei2\PycharmProjects\djangoProject8\.venv\Lib\site-packages\django\contrib\admin\widgets.py first seen with mtime 1744011252.3938963
File C:\Users\Andrei2\PycharmProjects\djangoProject8\.venv\Lib\site-packages\rest_framework\apps.py first seen with mtime 1744011294.012573
File C:\Users\Andrei2\PycharmProjects\djangoProject8\.venv\Lib\site-packages\django\templatetags\i18n.py first seen with mtime 1744011255.9148462
File C:\Users\Andrei2\AppData\Local\Programs\Python\Python313\Lib\urllib\response.py first seen with mtime 1728286008.0
File C:\Users\Andrei2\PycharmProjects\djangoProject8\.venv\Lib\site-packages\csp\utils.py first seen with mtime 1744011290.0023654
File C:\Users\Andrei2\AppData\Local\Programs\Python\Python313\Lib\pathlib\__init__.py first seen with mtime 1728286008.0
File C:\Users\Andrei2\PycharmProjects\djangoProject8\.venv\Lib\site-packages\django\contrib\messages\storage\base.py first seen with mtime 1744011254.557314
File C:\Users\Andrei2\PycharmProjects\djangoProject8\.venv\Lib\site-packages\django\templatetags\cache.py first seen with mtime 1744011255.9138432
File C:\Users\Andrei2\PycharmProjects\djangoProject8\.venv\Lib\site-packages\django\db\backends\postgresql\features.py first seen with mtime 1744011255.675247
File C:\Users\Andrei2\PycharmProjects\djangoProject8\.venv\Lib\site-packages\django\apps\config.py first seen with mtime 1744011251.9989264
File C:\Users\Andrei2\PycharmProjects\djangoProject8\.venv\Lib\site-packages\django\utils\choices.py first seen with mtime 1744011255.9351046
File C:\Users\Andrei2\AppData\Local\Programs\Python\Python313\Lib\_markupbase.py first seen with mtime 1728286008.0
File C:\Users\Andrei2\AppData\Local\Programs\Python\Python313\Lib\traceback.py first seen with mtime 1728286008.0
File C:\Users\Andrei2\PycharmProjects\djangoProject8\.venv\Lib\site-packages\django\core\checks\compatibility\django_4_0.py first seen with mtime 1744011255.5474434
File C:\Users\Andrei2\PycharmProjects\djangoProject8\.venv\Lib\site-packages\django\template\loaders\filesystem.py first seen with mtime 1744011255.9107375
File C:\Users\Andrei2\PycharmProjects\djangoProject8\.venv\Lib\site-packages\django\utils\duration.py first seen with mtime 1744011255.9423337
File C:\Users\Andrei2\PycharmProjects\djangoProject8\.venv\Lib\site-packages\urllib3\util\wait.py first seen with mtime 1744013362.707616
File C:\Users\Andrei2\PycharmProjects\djangoProject8\.venv\Lib\site-packages\dotenv\__init__.py first seen with mtime 1744640427.3607333
File C:\Users\Andrei2\AppData\Local\Programs\Python\Python313\Lib\lzma.py first seen with mtime 1728286008.0
File C:\Users\Andrei2\PycharmProjects\djangoProject8\.venv\Lib\site-packages\sqlparse\sql.py first seen with mtime 1744013322.5178711
File C:\Users\Andrei2\AppData\Local\Programs\Python\Python313\Lib\mimetypes.py first seen with mtime 1728286008.0
File C:\Users\Andrei2\AppData\Local\Programs\Python\Python313\Lib\ctypes\_endian.py first seen with mtime 1728286008.0
File C:\Users\Andrei2\AppData\Local\Programs\Python\Python313\Lib\getpass.py first seen with mtime 1728286008.0
File C:\Users\Andrei2\PycharmProjects\djangoProject8\.venv\Lib\site-packages\idna\intranges.py first seen with mtime 1743832079.3673258
File C:\Users\Andrei2\PycharmProjects\djangoProject8\.venv\Lib\site-packages\pygments\filter.py first seen with mtime 1744012699.6768403
File C:\Users\Andrei2\PycharmProjects\djangoProject8\.venv\Lib\site-packages\requests\_internal_utils.py first seen with mtime 1743832080.2594714
File C:\Users\Andrei2\PycharmProjects\djangoProject8\.venv\Lib\site-packages\rest_framework\request.py first seen with mtime 1744011294.0303876
File C:\Users\Andrei2\PycharmProjects\djangoProject8\.venv\Lib\site-packages\django\contrib\admindocs\utils.py first seen with mtime 1744011252.9686108
File C:\Users\Andrei2\AppData\Local\Programs\Python\Python313\Lib\importlib\resources\_common.py first seen with mtime 1728286008.0
File C:\Users\Andrei2\PycharmProjects\djangoProject8\.venv\Lib\site-packages\rest_framework\fields.py first seen with mtime 1744011294.0199015
File C:\Users\Andrei2\PycharmProjects\djangoProject8\.venv\Lib\site-packages\pygments\formatter.py first seen with mtime 1744012699.679364
File C:\Users\Andrei2\AppData\Local\Programs\Python\Python313\Lib\encodings\__init__.py first seen with mtime 1728286008.0
File C:\Users\Andrei2\PycharmProjects\djangoProject8\.venv\Lib\site-packages\requests\adapters.py first seen with mtime 1743832080.2594714
File C:\Users\Andrei2\PycharmProjects\djangoProject8\.venv\Lib\site-packages\pytz\exceptions.py first seen with mtime 1744012754.684513
File C:\Users\Andrei2\PycharmProjects\djangoProject8\.venv\Lib\site-packages\django\templatetags\l10n.py first seen with mtime 1744011255.9158452
File C:\Users\Andrei2\AppData\Local\Programs\Python\Python313\DLLs\_socket.pyd first seen with mtime 1728286046.0
File C:\Users\Andrei2\PycharmProjects\djangoProject8\.venv\Lib\site-packages\psycopg\_conninfo_attempts.py first seen with mtime 1744012653.6871333
File C:\Users\Andrei2\PycharmProjects\djangoProject8\.venv\Lib\site-packages\django\db\models\fields\__init__.py first seen with mtime 1744011255.7472959
File C:\Users\Andrei2\PycharmProjects\djangoProject8\manage.py first seen with mtime 1743832080.5344362
File C:\Users\Andrei2\PycharmProjects\djangoProject8\.venv\Lib\site-packages\django\core\files\storage\base.py first seen with mtime 1744011255.562496
File C:\Users\Andrei2\PycharmProjects\djangoProject8\.venv\Lib\site-packages\django\db\backends\base\validation.py first seen with mtime 1744011255.6430607
File C:\Users\Andrei2\PycharmProjects\djangoProject8\.venv\Lib\site-packages\django\middleware\csrf.py first seen with mtime 1744011255.887637
File C:\Users\Andrei2\AppData\Local\Programs\Python\Python313\Lib\concurrent\futures\_base.py first seen with mtime 1728286008.0
File C:\Users\Andrei2\PycharmProjects\djangoProject8\.venv\Lib\site-packages\django\utils\translation\trans_real.py first seen with mtime 1744011255.9704607
File C:\Users\Andrei2\PycharmProjects\djangoProject8\.venv\Lib\site-packages\psycopg\_compat.py first seen with mtime 1744012653.684501
File C:\Users\Andrei2\PycharmProjects\djangoProject8\.venv\Lib\site-packages\pytz\__init__.py first seen with mtime 1744012754.6835146
File C:\Users\Andrei2\PycharmProjects\djangoProject8\.venv\Lib\site-packages\django\utils\dateformat.py first seen with mtime 1744011255.9371057
File C:\Users\Andrei2\PycharmProjects\djangoProject8\.venv\Lib\site-packages\django\contrib\postgres\forms\__init__.py first seen with mtime 1744011254.57859
File C:\Users\Andrei2\PycharmProjects\djangoProject8\.venv\Lib\site-packages\django\core\files\uploadedfile.py first seen with mtime 1744011255.5584538
File C:\Users\Andrei2\PycharmProjects\djangoProject8\.venv\Lib\site-packages\pygments\regexopt.py first seen with mtime 1744012699.6814983
File C:\Users\Andrei2\PycharmProjects\djangoProject8\.venv\Lib\site-packages\django\views\decorators\csrf.py first seen with mtime 1744011255.9796906
File C:\Users\Andrei2\PycharmProjects\djangoProject8\.venv\Lib\site-packages\urllib3\util\ssl_match_hostname.py first seen with mtime 1744013362.7034442
File C:\Users\Andrei2\AppData\Local\Programs\Python\Python313\Lib\email\quoprimime.py first seen with mtime 1728286008.0
File C:\Users\Andrei2\AppData\Local\Programs\Python\Python313\Lib\importlib\readers.py first seen with mtime 1728286008.0
File C:\Users\Andrei2\PycharmProjects\djangoProject8\.venv\Lib\site-packages\sqlparse\filters\aligned_indent.py first seen with mtime 1744013322.5268743
File C:\Users\Andrei2\PycharmProjects\djangoProject8\.venv\Lib\site-packages\psycopg\types\__init__.py first seen with mtime 1744012653.7407522
File C:\Users\Andrei2\PycharmProjects\djangoProject8\.venv\Lib\site-packages\django\core\signing.py first seen with mtime 1744011255.5226228
File C:\Users\Andrei2\PycharmProjects\djangoProject8\.venv\Lib\site-packages\django\contrib\sites\requests.py first seen with mtime 1744011255.2052104
File C:\Users\Andrei2\PycharmProjects\djangoProject8\.venv\Lib\site-packages\django\core\handlers\exception.py first seen with mtime 1744011255.5712612
File C:\Users\Andrei2\AppData\Local\Programs\Python\Python313\DLLs\_overlapped.pyd first seen with mtime 1728286046.0
File C:\Users\Andrei2\PycharmProjects\djangoProject8\.venv\Lib\site-packages\charset_normalizer\utils.py first seen with mtime 1744011158.5576992
File C:\Users\Andrei2\PycharmProjects\djangoProject8\.venv\Lib\site-packages\rest_framework\templatetags\__init__.py first seen with mtime 1744011294.269551
File C:\Users\Andrei2\PycharmProjects\djangoProject8\.venv\Lib\site-packages\django\db\models\fields\proxy.py first seen with mtime 1744011255.751296
File C:\Users\Andrei2\AppData\Local\Programs\Python\Python313\Lib\ctypes\wintypes.py first seen with mtime 1728286008.0
File C:\Users\Andrei2\AppData\Local\Programs\Python\Python313\Lib\selectors.py first seen with mtime 1728286008.0
File C:\Users\Andrei2\AppData\Local\Programs\Python\Python313\Lib\typing.py first seen with mtime 1728286008.0
File C:\Users\Andrei2\PycharmProjects\djangoProject8\.venv\Lib\site-packages\django\contrib\admin\templatetags\admin_modify.py first seen with mtime 1744011252.9584255
File C:\Users\Andrei2\PycharmProjects\djangoProject8\.venv\Lib\site-packages\django\db\models\lookups.py first seen with mtime 1744011255.7384634
File C:\Users\Andrei2\AppData\Local\Programs\Python\Python313\Lib\enum.py first seen with mtime 1728286008.0
File C:\Users\Andrei2\PycharmProjects\djangoProject8\djangoProject8\__init__.py first seen with mtime 1743832080.524211
File C:\Users\Andrei2\PycharmProjects\djangoProject8\.venv\Lib\site-packages\django\contrib\auth\management\__init__.py first seen with mtime 1744011253.5169606
File C:\Users\Andrei2\PycharmProjects\djangoProject8\.venv\Lib\site-packages\django\template\context.py first seen with mtime 1744011255.894641
File C:\Users\Andrei2\PycharmProjects\djangoProject8\.venv\Lib\site-packages\sqlparse\filters\others.py first seen with mtime 1744013322.5268743
File C:\Users\Andrei2\AppData\Local\Programs\Python\Python313\DLLs\_zoneinfo.pyd first seen with mtime 1728286046.0
File C:\Users\Andrei2\PycharmProjects\djangoProject8\.venv\Lib\site-packages\django\views\generic\__init__.py first seen with mtime 1744011255.9838343
File C:\Users\Andrei2\PycharmProjects\djangoProject8\.venv\Lib\site-packages\django\contrib\admin\checks.py first seen with mtime 1744011252.3820288
File C:\Users\Andrei2\AppData\Local\Programs\Python\Python313\Lib\types.py first seen with mtime 1728286008.0
File C:\Users\Andrei2\PycharmProjects\djangoProject8\.venv\Lib\site-packages\corsheaders\apps.py first seen with mtime 1744011279.314506
File C:\Users\Andrei2\AppData\Local\Programs\Python\Python313\Lib\pathlib\_local.py first seen with mtime 1728286008.0
File C:\Users\Andrei2\PycharmProjects\djangoProject8\.venv\Lib\site-packages\rest_framework\permissions.py first seen with mtime 1744011294.02717
File C:\Users\Andrei2\PycharmProjects\djangoProject8\.venv\Lib\site-packages\django\utils\version.py first seen with mtime 1744011255.96546
File C:\Users\Andrei2\PycharmProjects\djangoProject8\.venv\Lib\site-packages\django\contrib\admin\views\autocomplete.py first seen with mtime 1744011252.9632587
File C:\Users\Andrei2\AppData\Local\Programs\Python\Python313\Lib\concurrent\futures\__init__.py first seen with mtime 1728286008.0
File C:\Users\Andrei2\AppData\Local\Programs\Python\Python313\Lib\email\contentmanager.py first seen with mtime 1728286008.0
File C:\Users\Andrei2\PycharmProjects\djangoProject8\.venv\Lib\site-packages\django\core\files\utils.py first seen with mtime 1744011255.5604837
File C:\Users\Andrei2\PycharmProjects\djangoProject8\.venv\Lib\site-packages\psycopg\pq\_enums.py first seen with mtime 1744012653.7337062
File C:\Users\Andrei2\PycharmProjects\djangoProject8\.venv\Lib\site-packages\rest_framework\renderers.py first seen with mtime 1744011294.0303876
File C:\Users\Andrei2\AppData\Local\Programs\Python\Python313\Lib\asyncio\__init__.py first seen with mtime 1728286008.0
File C:\Users\Andrei2\PycharmProjects\djangoProject8\.venv\Lib\site-packages\psycopg\types\numpy.py first seen with mtime 1744012653.7544167
File C:\Users\Andrei2\AppData\Local\Programs\Python\Python313\Lib\shutil.py first seen with mtime 1728286008.0
File C:\Users\Andrei2\PycharmProjects\djangoProject8\.venv\Lib\site-packages\django\template\base.py first seen with mtime 1744011255.893636
File C:\Users\Andrei2\PycharmProjects\djangoProject8\.venv\Lib\site-packages\django\contrib\postgres\fields\utils.py first seen with mtime 1744011254.5774944
File C:\Users\Andrei2\AppData\Local\Programs\Python\Python313\Lib\re\__init__.py first seen with mtime 1728286008.0
File C:\Users\Andrei2\AppData\Local\Programs\Python\Python313\Lib\wsgiref\__init__.py first seen with mtime 1728286008.0
File C:\Users\Andrei2\AppData\Local\Programs\Python\Python313\Lib\stringprep.py first seen with mtime 1728286008.0
File C:\Users\Andrei2\PycharmProjects\djangoProject8\.venv\Lib\site-packages\urllib3\connectionpool.py first seen with mtime 1744013362.6753616
File C:\Users\Andrei2\AppData\Local\Programs\Python\Python313\Lib\http\client.py first seen with mtime 1728286008.0
File C:\Users\Andrei2\PycharmProjects\djangoProject8\.venv\Lib\site-packages\rest_framework\reverse.py first seen with mtime 1744011294.0325515
File C:\Users\Andrei2\PycharmProjects\djangoProject8\.venv\Lib\site-packages\django\core\cache\utils.py first seen with mtime 1744011255.5266516
File C:\Users\Andrei2\PycharmProjects\djangoProject8\.venv\Lib\site-packages\django\template\library.py first seen with mtime 1744011255.8987377
File C:\Users\Andrei2\PycharmProjects\djangoProject8\.venv\Lib\site-packages\django\core\files\uploadhandler.py first seen with mtime 1744011255.5594518
File C:\Users\Andrei2\AppData\Local\Programs\Python\Python313\Lib\email\mime\__init__.py first seen with mtime 1728286008.0
File C:\Users\Andrei2\AppData\Local\Programs\Python\Python313\Lib\calendar.py first seen with mtime 1728286008.0
File C:\Users\Andrei2\AppData\Local\Programs\Python\Python313\Lib\email\_parseaddr.py first seen with mtime 1728286008.0
File C:\Users\Andrei2\PycharmProjects\djangoProject8\.venv\Lib\site-packages\django\db\backends\utils.py first seen with mtime 1744011255.6331494
File C:\Users\Andrei2\PycharmProjects\djangoProject8\.venv\Lib\site-packages\django\middleware\__init__.py first seen with mtime 1744011255.8846335
File C:\Users\Andrei2\AppData\Local\Programs\Python\Python313\DLLs\_ssl.pyd first seen with mtime 1728286046.0
File C:\Users\Andrei2\PycharmProjects\djangoProject8\.venv\Lib\site-packages\django\template\__init__.py first seen with mtime 1744011255.8916368
File C:\Users\Andrei2\PycharmProjects\djangoProject8\.venv\Lib\site-packages\rest_framework\__init__.py first seen with mtime 1744011294.011365
File C:\Users\Andrei2\PycharmProjects\djangoProject8\.venv\Lib\site-packages\django\__init__.py first seen with mtime 1744011251.9948256
File C:\Users\Andrei2\PycharmProjects\djangoProject8\.venv\Lib\site-packages\psycopg\_struct.py first seen with mtime 1744012653.7006667
File C:\Users\Andrei2\PycharmProjects\djangoProject8\.venv\Lib\site-packages\sqlparse\filters\output.py first seen with mtime 1744013322.5280132
File C:\Users\Andrei2\AppData\Local\Programs\Python\Python313\Lib\wsgiref\simple_server.py first seen with mtime 1728286008.0
File C:\Users\Andrei2\PycharmProjects\djangoProject8\.venv\Lib\site-packages\psycopg\_enums.py first seen with mtime 1744012653.6952198
File C:\Users\Andrei2\PycharmProjects\djangoProject8\.venv\Lib\site-packages\django\db\models\sql\subqueries.py first seen with mtime 1744011255.7764766
File C:\Users\Andrei2\PycharmProjects\djangoProject8\.venv\Lib\site-packages\django\utils\timesince.py first seen with mtime 1744011255.9634602
File C:\Users\Andrei2\AppData\Local\Programs\Python\Python313\Lib\importlib\metadata\_itertools.py first seen with mtime 1728286008.0
File C:\Users\Andrei2\PycharmProjects\djangoProject8\.venv\Lib\site-packages\django\contrib\sessions\models.py first seen with mtime 1744011254.9735634
File C:\Users\Andrei2\PycharmProjects\djangoProject8\.venv\Lib\site-packages\django\db\models\query_utils.py first seen with mtime 1744011255.7428155
File C:\Users\Andrei2\PycharmProjects\djangoProject8\.venv\Lib\site-packages\psycopg\_column.py first seen with mtime 1744012653.683098
File C:\Users\Andrei2\PycharmProjects\djangoProject8\.venv\Lib\site-packages\csp\templatetags\csp.py first seen with mtime 1744011290.0056999
File C:\Users\Andrei2\PycharmProjects\djangoProject8\.venv\Lib\site-packages\django\db\migrations\utils.py first seen with mtime 1744011255.7052605
File C:\Users\Andrei2\AppData\Local\Programs\Python\Python313\Lib\asyncio\base_tasks.py first seen with mtime 1728286008.0
File C:\Users\Andrei2\PycharmProjects\djangoProject8\.venv\Lib\site-packages\charset_normalizer\version.py first seen with mtime 1744011158.5576992
File C:\Users\Andrei2\PycharmProjects\djangoProject8\.venv\Lib\site-packages\pygments\token.py first seen with mtime 1744012699.682955
File C:\Users\Andrei2\PycharmProjects\djangoProject8\.venv\Lib\site-packages\django\template\loaders\cached.py first seen with mtime 1744011255.9097385
File C:\Users\Andrei2\PycharmProjects\djangoProject8\.venv\Lib\site-packages\django\core\checks\urls.py first seen with mtime 1744011255.5464144
File C:\Users\Andrei2\PycharmProjects\djangoProject8\.venv\Lib\site-packages\django\core\cache\backends\filebased.py first seen with mtime 1744011255.531654
File C:\Users\Andrei2\AppData\Local\Programs\Python\Python313\Lib\email\headerregistry.py first seen with mtime 1728286008.0
File C:\Users\Andrei2\AppData\Local\Programs\Python\Python313\Lib\email\parser.py first seen with mtime 1728286008.0
File C:\Users\Andrei2\PycharmProjects\djangoProject8\.venv\Lib\site-packages\django\contrib\admin\views\decorators.py first seen with mtime 1744011252.9642687
File C:\Users\Andrei2\PycharmProjects\djangoProject8\.venv\Lib\site-packages\urllib3\_collections.py first seen with mtime 1744013362.6702838
File C:\Users\Andrei2\AppData\Local\Programs\Python\Python313\Lib\asyncio\protocols.py first seen with mtime 1728286008.0
File C:\Users\Andrei2\AppData\Local\Programs\Python\Python313\Lib\argparse.py first seen with mtime 1728286008.0
File C:\Users\Andrei2\PycharmProjects\djangoProject8\.venv\Lib\site-packages\sqlparse\engine\__init__.py first seen with mtime 1744013322.5217342
File C:\Users\Andrei2\PycharmProjects\djangoProject8\.venv\Lib\site-packages\django\utils\inspect.py first seen with mtime 1744011255.948595
File C:\Users\Andrei2\AppData\Local\Programs\Python\Python313\Lib\tempfile.py first seen with mtime 1728286008.0
File C:\Users\Andrei2\PycharmProjects\djangoProject8\.venv\Lib\site-packages\django\contrib\contenttypes\apps.py first seen with mtime 1744011253.5335944
File C:\Users\Andrei2\PycharmProjects\djangoProject8\.venv\Lib\site-packages\rest_framework\mixins.py first seen with mtime 1744011294.0234272
File C:\Users\Andrei2\PycharmProjects\djangoProject8\.venv\Lib\site-packages\urllib3\util\connection.py first seen with mtime 1744013362.698194
File C:\Users\Andrei2\PycharmProjects\djangoProject8\.venv\Lib\site-packages\django\utils\termcolors.py first seen with mtime 1744011255.9610698
File C:\Users\Andrei2\PycharmProjects\djangoProject8\.venv\Lib\site-packages\corsheaders\conf.py first seen with mtime 1744011279.315893
File C:\Users\Andrei2\AppData\Local\Programs\Python\Python313\Lib\asyncio\constants.py first seen with mtime 1728286008.0
File C:\Users\Andrei2\PycharmProjects\djangoProject8\.venv\Lib\site-packages\django\db\backends\postgresql\operations.py first seen with mtime 1744011255.6773567
File C:\Users\Andrei2\PycharmProjects\djangoProject8\.venv\Lib\site-packages\django\contrib\admindocs\views.py first seen with mtime 1744011252.9696183
File C:\Users\Andrei2\AppData\Local\Programs\Python\Python313\Lib\signal.py first seen with mtime 1728286008.0
File C:\Users\Andrei2\AppData\Local\Programs\Python\Python313\Lib\importlib\__init__.py first seen with mtime 1728286008.0
File C:\Users\Andrei2\PycharmProjects\djangoProject8\.venv\Lib\site-packages\django\urls\base.py first seen with mtime 1744011255.9249597
File C:\Users\Andrei2\PycharmProjects\djangoProject8\.venv\Lib\site-packages\django\core\paginator.py first seen with mtime 1744011255.5188677
File C:\Users\Andrei2\PycharmProjects\djangoProject8\.venv\Lib\site-packages\psycopg\_typeinfo.py first seen with mtime 1744012653.703172
File C:\Users\Andrei2\PycharmProjects\djangoProject8\.venv\Lib\site-packages\pygments\styles\__init__.py first seen with mtime 1744012699.9211645
File C:\Users\Andrei2\PycharmProjects\djangoProject8\.venv\Lib\site-packages\psycopg\_tpc.py first seen with mtime 1744012653.7016659
File C:\Users\Andrei2\PycharmProjects\djangoProject8\.venv\Lib\site-packages\django\contrib\staticfiles\finders.py first seen with mtime 1744011255.5020764
File C:\Users\Andrei2\PycharmProjects\djangoProject8\.venv\Lib\site-packages\django\db\models\fields\mixins.py first seen with mtime 1744011255.751296
File C:\Users\Andrei2\PycharmProjects\djangoProject8\.venv\Lib\site-packages\django\db\models\expressions.py first seen with mtime 1744011255.7364638
File C:\Users\Andrei2\PycharmProjects\djangoProject8\.venv\Lib\site-packages\django\views\generic\edit.py first seen with mtime 1744011255.9879758
File C:\Users\Andrei2\PycharmProjects\djangoProject8\.venv\Lib\site-packages\django\core\checks\security\__init__.py first seen with mtime 1744011255.5488348
File C:\Users\Andrei2\PycharmProjects\djangoProject8\.venv\Lib\site-packages\psycopg\errors.py first seen with mtime 1744012653.7174368
File C:\Users\Andrei2\PycharmProjects\djangoProject8\.venv\Lib\site-packages\django\core\checks\security\base.py first seen with mtime 1744011255.54985
File C:\Users\Andrei2\PycharmProjects\djangoProject8\.venv\Lib\site-packages\dotenv\main.py first seen with mtime 1744640427.3645425
File C:\Users\Andrei2\AppData\Local\Programs\Python\Python313\Lib\email\utils.py first seen with mtime 1728286008.0
File C:\Users\Andrei2\PycharmProjects\djangoProject8\.venv\Lib\site-packages\urllib3\util\proxy.py first seen with mtime 1744013362.699377
File C:\Users\Andrei2\PycharmProjects\djangoProject8\.venv\Lib\site-packages\django\contrib\auth\forms.py first seen with mtime 1744011253.2332528
File C:\Users\Andrei2\PycharmProjects\djangoProject8\.venv\Lib\site-packages\django\forms\utils.py first seen with mtime 1744011255.79005
File C:\Users\Andrei2\PycharmProjects\djangoProject8\.venv\Lib\site-packages\django\db\models\sql\where.py first seen with mtime 1744011255.7776783
File C:\Users\Andrei2\PycharmProjects\djangoProject8\.venv\Lib\site-packages\django\http\multipartparser.py first seen with mtime 1744011255.8825507
File C:\Users\Andrei2\AppData\Local\Programs\Python\Python313\Lib\threading.py first seen with mtime 1728286008.0
File C:\Users\Andrei2\PycharmProjects\djangoProject8\.venv\Lib\site-packages\django\contrib\admin\views\main.py first seen with mtime 1744011252.9652672
File C:\Users\Andrei2\PycharmProjects\djangoProject8\.venv\Lib\site-packages\django\db\utils.py first seen with mtime 1744011255.6290317
File C:\Users\Andrei2\PycharmProjects\djangoProject8\.venv\Lib\site-packages\django\contrib\messages\constants.py first seen with mtime 1744011254.55093
File C:\Users\Andrei2\PycharmProjects\djangoProject8\.venv\Lib\site-packages\requests\exceptions.py first seen with mtime 1743832080.2651157
File C:\Users\Andrei2\PycharmProjects\djangoProject8\.venv\Lib\site-packages\django\utils\dateparse.py first seen with mtime 1744011255.9381058
File C:\Users\Andrei2\PycharmProjects\djangoProject8\.venv\Lib\site-packages\win32\lib\pywin32_bootstrap.py first seen with mtime 1744550033.0273569
File C:\Users\Andrei2\PycharmProjects\djangoProject8\.venv\Lib\site-packages\django\contrib\contenttypes\management\__init__.py first seen with mtime 1744011253.7517335
File C:\Users\Andrei2\PycharmProjects\djangoProject8\.venv\Lib\site-packages\django\core\checks\files.py first seen with mtime 1744011255.5401583
File C:\Users\Andrei2\AppData\Local\Programs\Python\Python313\Lib\json\scanner.py first seen with mtime 1728286008.0
File C:\Users\Andrei2\PycharmProjects\djangoProject8\.venv\Lib\site-packages\psycopg\_adapters_map.py first seen with mtime 1744012653.6804452
File C:\Users\Andrei2\PycharmProjects\djangoProject8\.venv\Lib\site-packages\sqlparse\filters\tokens.py first seen with mtime 1744013322.531377
File C:\Users\Andrei2\PycharmProjects\djangoProject8\.venv\Lib\site-packages\pygments\filters\__init__.py first seen with mtime 1744012699.6869383
File C:\Users\Andrei2\PycharmProjects\djangoProject8\.venv\Lib\site-packages\pytz\tzfile.py first seen with mtime 1744012754.688549
File C:\Users\Andrei2\AppData\Local\Programs\Python\Python313\Lib\urllib\__init__.py first seen with mtime 1728286008.0
File C:\Users\Andrei2\PycharmProjects\djangoProject8\.venv\Lib\site-packages\requests\certs.py first seen with mtime 1743832080.2651157
File C:\Users\Andrei2\PycharmProjects\djangoProject8\.venv\Lib\site-packages\django\contrib\postgres\fields\hstore.py first seen with mtime 1744011254.5740411
File C:\Users\Andrei2\PycharmProjects\djangoProject8\.venv\Lib\site-packages\psycopg_binary\_psycopg.cp313-win_amd64.pyd first seen with mtime 1744012662.5728433
File C:\Users\Andrei2\AppData\Local\Programs\Python\Python313\Lib\re\_parser.py first seen with mtime 1728286008.0
File C:\Users\Andrei2\PycharmProjects\djangoProject8\.venv\Lib\site-packages\django\contrib\contenttypes\admin.py first seen with mtime 1744011253.5335944
File C:\Users\Andrei2\PycharmProjects\djangoProject8\.venv\Lib\site-packages\django\views\generic\base.py first seen with mtime 1744011255.9848232
File C:\Users\Andrei2\PycharmProjects\djangoProject8\.venv\Lib\site-packages\django\db\migrations\operations\special.py first seen with mtime 1744011255.728469
File C:\Users\Andrei2\PycharmProjects\djangoProject8\.venv\Lib\site-packages\django\contrib\postgres\fields\ranges.py first seen with mtime 1744011254.5764966
File C:\Users\Andrei2\PycharmProjects\djangoProject8\.venv\Lib\site-packages\csp\__init__.py first seen with mtime 1744011289.9958494
File C:\Users\Andrei2\PycharmProjects\djangoProject8\.venv\Lib\site-packages\django\utils\deconstruct.py first seen with mtime 1744011255.9393237
File C:\Users\Andrei2\PycharmProjects\djangoProject8\.venv\Lib\site-packages\django\core\files\move.py first seen with mtime 1744011255.5564384
File C:\Users\Andrei2\PycharmProjects\djangoProject8\.venv\Lib\site-packages\django\core\serializers\json.py first seen with mtime 1744011255.6201797
File C:\Users\Andrei2\AppData\Local\Programs\Python\Python313\Lib\email\message.py first seen with mtime 1728286008.0
File C:\Users\Andrei2\AppData\Local\Programs\Python\Python313\Lib\importlib\resources\__init__.py first seen with mtime 1728286008.0
File C:\Users\Andrei2\PycharmProjects\djangoProject8\.venv\Lib\site-packages\django\core\checks\model_checks.py first seen with mtime 1744011255.5427604
File C:\Users\Andrei2\PycharmProjects\djangoProject8\.venv\Lib\site-packages\django\utils\functional.py first seen with mtime 1744011255.9455855
File C:\Users\Andrei2\PycharmProjects\djangoProject8\.venv\Lib\site-packages\requests\structures.py first seen with mtime 1743832080.27164
File C:\Users\Andrei2\AppData\Local\Programs\Python\Python313\Lib\wsgiref\util.py first seen with mtime 1728286008.0
File C:\Users\Andrei2\PycharmProjects\djangoProject8\.venv\Lib\site-packages\rest_framework\utils\field_mapping.py first seen with mtime 1744011294.2739608
File C:\Users\Andrei2\AppData\Local\Programs\Python\Python313\Lib\decimal.py first seen with mtime 1728286008.0
File C:\Users\Andrei2\PycharmProjects\djangoProject8\.venv\Lib\site-packages\environ\environ.py first seen with mtime 1744011286.679536
File C:\Users\Andrei2\AppData\Local\Programs\Python\Python313\Lib\warnings.py first seen with mtime 1728286008.0
File C:\Users\Andrei2\PycharmProjects\djangoProject8\.venv\Lib\site-packages\django\contrib\staticfiles\utils.py first seen with mtime 1744011255.507028
File C:\Users\Andrei2\PycharmProjects\djangoProject8\.venv\Lib\site-packages\django\contrib\postgres\fields\jsonb.py first seen with mtime 1744011254.5754848
File C:\Users\Andrei2\PycharmProjects\djangoProject8\.venv\Lib\site-packages\urllib3\util\timeout.py first seen with mtime 1744013362.705562
File C:\Users\Andrei2\PycharmProjects\djangoProject8\.venv\Lib\site-packages\psycopg\types\net.py first seen with mtime 1744012653.7510703
File C:\Users\Andrei2\PycharmProjects\djangoProject8\.venv\Lib\site-packages\django\contrib\messages\utils.py first seen with mtime 1744011254.5539296
File C:\Users\Andrei2\PycharmProjects\djangoProject8\.venv\Lib\site-packages\django\utils\log.py first seen with mtime 1744011255.9538112
File C:\Users\Andrei2\PycharmProjects\djangoProject8\.venv\Lib\site-packages\django\template\defaulttags.py first seen with mtime 1744011255.8977375
File C:\Users\Andrei2\PycharmProjects\djangoProject8\.venv\Lib\site-packages\django\contrib\contenttypes\forms.py first seen with mtime 1744011253.5363412
File C:\Users\Andrei2\PycharmProjects\djangoProject8\.venv\Lib\site-packages\sqlparse\keywords.py first seen with mtime 1744013322.5164492
File C:\Users\Andrei2\PycharmProjects\djangoProject8\.venv\Lib\site-packages\django\core\management\commands\__init__.py first seen with mtime 1744011255.5907843
File C:\Users\Andrei2\PycharmProjects\djangoProject8\.venv\Lib\site-packages\pygments\styles\_mapping.py first seen with mtime 1744012699.9211645
File C:\Users\Andrei2\PycharmProjects\djangoProject8\.venv\Lib\site-packages\django\contrib\admin\templatetags\admin_urls.py first seen with mtime 1744011252.9594347
File C:\Users\Andrei2\PycharmProjects\djangoProject8\.venv\Lib\site-packages\django\contrib\admindocs\__init__.py first seen with mtime 1744011252.9652672
File C:\Users\Andrei2\AppData\Local\Programs\Python\Python313\DLLs\_bz2.pyd first seen with mtime 1728286046.0
File C:\Users\Andrei2\PycharmProjects\djangoProject8\.venv\Lib\site-packages\django\contrib\__init__.py first seen with mtime 1744011252.378253
File C:\Users\Andrei2\AppData\Local\Programs\Python\Python313\DLLs\_lzma.pyd first seen with mtime 1728286046.0
File C:\Users\Andrei2\PycharmProjects\djangoProject8\.venv\Lib\site-packages\django\views\__init__.py first seen with mtime 1744011255.9725776
File C:\Users\Andrei2\PycharmProjects\djangoProject8\.venv\Lib\site-packages\psycopg\copy.py first seen with mtime 1744012653.713725
File C:\Users\Andrei2\PycharmProjects\djangoProject8\.venv\Lib\site-packages\django\contrib\admin\exceptions.py first seen with mtime 1744011252.3841279
File C:\Users\Andrei2\PycharmProjects\djangoProject8\.venv\Lib\site-packages\django\views\decorators\common.py first seen with mtime 1744011255.9796906
File C:\Users\Andrei2\PycharmProjects\djangoProject8\.venv\Lib\site-packages\django\core\mail\message.py first seen with mtime 1744011255.5742614
File C:\Users\Andrei2\PycharmProjects\djangoProject8\.venv\Lib\site-packages\django\db\migrations\operations\__init__.py first seen with mtime 1744011255.7232602
File C:\Users\Andrei2\PycharmProjects\djangoProject8\.venv\Lib\site-packages\django\core\cache\__init__.py first seen with mtime 1744011255.5256553
File C:\Users\Andrei2\PycharmProjects\djangoProject8\mydogs\serializers.py first seen with mtime 1744641228.594879
File C:\Users\Andrei2\PycharmProjects\djangoProject8\.venv\Lib\site-packages\django\forms\models.py first seen with mtime 1744011255.7890472
File C:\Users\Andrei2\PycharmProjects\djangoProject8\.venv\Lib\site-packages\django\views\decorators\__init__.py first seen with mtime 1744011255.9766898
File C:\Users\Andrei2\AppData\Local\Programs\Python\Python313\Lib\asyncio\trsock.py first seen with mtime 1728286008.0
File C:\Users\Andrei2\PycharmProjects\djangoProject8\.venv\Lib\site-packages\django\contrib\postgres\forms\ranges.py first seen with mtime 1744011254.5805893
File C:\Users\Andrei2\PycharmProjects\djangoProject8\.venv\Lib\site-packages\django\db\backends\base\client.py first seen with mtime 1744011255.6375394
File C:\Users\Andrei2\PycharmProjects\djangoProject8\.venv\Lib\site-packages\django\db\models\__init__.py first seen with mtime 1744011255.729467
File C:\Users\Andrei2\PycharmProjects\djangoProject8\.venv\Lib\site-packages\sqlparse\lexer.py first seen with mtime 1744013322.5178711
File C:\Users\Andrei2\AppData\Local\Programs\Python\Python313\Lib\asyncio\events.py first seen with mtime 1728286008.0
File C:\Users\Andrei2\PycharmProjects\djangoProject8\.venv\Lib\site-packages\django\contrib\postgres\search.py first seen with mtime 1744011254.5656772
File C:\Users\Andrei2\PycharmProjects\djangoProject8\.venv\Lib\site-packages\django\core\checks\translation.py first seen with mtime 1744011255.5454023
File C:\Users\Andrei2\PycharmProjects\djangoProject8\.venv\Lib\site-packages\django\shortcuts.py first seen with mtime 1744011251.9969244
File C:\Users\Andrei2\AppData\Local\Programs\Python\Python313\Lib\email\_header_value_parser.py first seen with mtime 1728286008.0
File C:\Users\Andrei2\PycharmProjects\djangoProject8\.venv\Lib\site-packages\django\utils\cache.py first seen with mtime 1744011255.9341054
File C:\Users\Andrei2\PycharmProjects\djangoProject8\.venv\Lib\site-packages\django\contrib\staticfiles\checks.py first seen with mtime 1744011255.5020764
File C:\Users\Andrei2\PycharmProjects\djangoProject8\mydogs\views.py first seen with mtime 1745073747.3110018
File C:\Users\Andrei2\PycharmProjects\djangoProject8\.venv\Lib\site-packages\psycopg\dbapi20.py first seen with mtime 1744012653.7164242
File C:\Users\Andrei2\PycharmProjects\djangoProject8\.venv\Lib\site-packages\rest_framework\utils\json.py first seen with mtime 1744011294.2778196
File C:\Users\Andrei2\PycharmProjects\djangoProject8\.venv\Lib\site-packages\django\forms\formsets.py first seen with mtime 1744011255.786931
File C:\Users\Andrei2\PycharmProjects\djangoProject8\.venv\Lib\site-packages\rest_framework\utils\timezone.py first seen with mtime 1744011294.281151
File C:\Users\Andrei2\PycharmProjects\djangoProject8\.venv\Lib\site-packages\charset_normalizer\legacy.py first seen with mtime 1744011158.5489416
File C:\Users\Andrei2\PycharmProjects\djangoProject8\.venv\Lib\site-packages\requests\auth.py first seen with mtime 1743832080.2651157
File C:\Users\Andrei2\PycharmProjects\djangoProject8\.venv\Lib\site-packages\django\core\serializers\python.py first seen with mtime 1744011255.621268
File C:\Users\Andrei2\PycharmProjects\djangoProject8\.venv\Lib\site-packages\pytz\lazy.py first seen with mtime 1744012754.6859424
File C:\Users\Andrei2\PycharmProjects\djangoProject8\.venv\Lib\site-packages\django\db\models\enums.py first seen with mtime 1744011255.735464
File C:\Users\Andrei2\AppData\Local\Programs\Python\Python313\Lib\asyncio\format_helpers.py first seen with mtime 1728286008.0
File C:\Users\Andrei2\PycharmProjects\djangoProject8\.venv\Lib\site-packages\django\contrib\admin\models.py first seen with mtime 1744011252.3880527
File C:\Users\Andrei2\PycharmProjects\djangoProject8\.venv\Lib\site-packages\django\contrib\admin\views\__init__.py first seen with mtime 1744011252.9626837
File C:\Users\Andrei2\PycharmProjects\djangoProject8\.venv\Lib\site-packages\urllib3\util\util.py first seen with mtime 1744013362.7066166
File C:\Users\Andrei2\PycharmProjects\djangoProject8\.venv\Lib\site-packages\uritemplate\template.py first seen with mtime 1744011697.9435613
File C:\Users\Andrei2\PycharmProjects\djangoProject8\.venv\Lib\site-packages\django\template\response.py first seen with mtime 1744011255.9017384
File C:\Users\Andrei2\PycharmProjects\djangoProject8\.venv\Lib\site-packages\uritemplate\variable.py first seen with mtime 1744011697.9445605
File C:\Users\Andrei2\PycharmProjects\djangoProject8\.venv\Lib\site-packages\django\core\mail\__init__.py first seen with mtime 1744011255.57326
File C:\Users\Andrei2\PycharmProjects\djangoProject8\.venv\Lib\site-packages\django\template\loader_tags.py first seen with mtime 1744011255.9007387
File C:\Users\Andrei2\AppData\Local\Programs\Python\Python313\Lib\heapq.py first seen with mtime 1728286008.0
File C:\Users\Andrei2\AppData\Local\Programs\Python\Python313\Lib\encodings\utf_8.py first seen with mtime 1728286008.0
File C:\Users\Andrei2\PycharmProjects\djangoProject8\.venv\Lib\site-packages\psycopg\_preparing.py first seen with mtime 1744012653.6976542
File C:\Users\Andrei2\PycharmProjects\djangoProject8\.venv\Lib\site-packages\django\core\checks\database.py first seen with mtime 1744011255.5389628
File C:\Users\Andrei2\PycharmProjects\djangoProject8\.venv\Lib\site-packages\django\views\generic\list.py first seen with mtime 1744011255.9889705
File C:\Users\Andrei2\PycharmProjects\djangoProject8\.venv\Lib\site-packages\psycopg\_conninfo_attempts_async.py first seen with mtime 1744012653.6871333
File C:\Users\Andrei2\PycharmProjects\djangoProject8\.venv\Lib\site-packages\psycopg\postgres.py first seen with mtime 1744012653.7198365
File C:\Users\Andrei2\PycharmProjects\djangoProject8\.venv\Lib\site-packages\charset_normalizer\models.py first seen with mtime 1744011158.5556886
File C:\Users\Andrei2\PycharmProjects\djangoProject8\.venv\Lib\site-packages\rest_framework\authentication.py first seen with mtime 1744011294.0135903
File C:\Users\Andrei2\AppData\Local\Programs\Python\Python313\Lib\hmac.py first seen with mtime 1728286008.0
File C:\Users\Andrei2\PycharmProjects\djangoProject8\.venv\Lib\site-packages\django\contrib\staticfiles\__init__.py first seen with mtime 1744011255.4999135
File C:\Users\Andrei2\PycharmProjects\djangoProject8\.venv\Lib\site-packages\django\utils\timezone.py first seen with mtime 1744011255.9634602
File C:\Users\Andrei2\PycharmProjects\djangoProject8\.venv\Lib\site-packages\django\db\models\fields\json.py first seen with mtime 1744011255.750294
File C:\Users\Andrei2\PycharmProjects\djangoProject8\.venv\Lib\site-packages\django\conf\locale\__init__.py first seen with mtime 1744011252.01114
File C:\Users\Andrei2\PycharmProjects\djangoProject8\.venv\Lib\site-packages\asgiref\local.py first seen with mtime 1744009552.538977
File C:\Users\Andrei2\PycharmProjects\djangoProject8\.venv\Lib\site-packages\requests\__version__.py first seen with mtime 1743832080.2594714
File C:\Users\Andrei2\PycharmProjects\djangoProject8\.venv\Lib\site-packages\uritemplate\__init__.py first seen with mtime 1744011697.9376132
File C:\Users\Andrei2\PycharmProjects\djangoProject8\.venv\Lib\site-packages\django\db\backends\base\base.py first seen with mtime 1744011255.636417
File C:\Users\Andrei2\AppData\Local\Programs\Python\Python313\Lib\html\parser.py first seen with mtime 1728286008.0
File C:\Users\Andrei2\PycharmProjects\djangoProject8\.venv\Lib\site-packages\django\db\migrations\__init__.py first seen with mtime 1744011255.6907637
File C:\Users\Andrei2\PycharmProjects\djangoProject8\.venv\Lib\site-packages\django\forms\__init__.py first seen with mtime 1744011255.7819295
File C:\Users\Andrei2\PycharmProjects\djangoProject8\.venv\Lib\site-packages\psycopg\types\enum.py first seen with mtime 1744012653.7455583
File C:\Users\Andrei2\AppData\Local\Programs\Python\Python313\Lib\asyncio\threads.py first seen with mtime 1728286008.0
File C:\Users\Andrei2\PycharmProjects\djangoProject8\.venv\Lib\site-packages\psycopg\pq\misc.py first seen with mtime 1744012653.7382553
File C:\Users\Andrei2\PycharmProjects\djangoProject8\.venv\Lib\site-packages\rest_framework\utils\humanize_datetime.py first seen with mtime 1744011294.276477
File C:\Users\Andrei2\AppData\Local\Programs\Python\Python313\Lib\asyncio\windows_events.py first seen with mtime 1728286008.0
File C:\Users\Andrei2\PycharmProjects\djangoProject8\.venv\Lib\site-packages\django\core\signals.py first seen with mtime 1744011255.5202868
File C:\Users\Andrei2\AppData\Local\Programs\Python\Python313\Lib\pickle.py first seen with mtime 1728286008.0
File C:\Users\Andrei2\PycharmProjects\djangoProject8\.venv\Lib\site-packages\urllib3\filepost.py first seen with mtime 1744013362.6785173
File C:\Users\Andrei2\PycharmProjects\djangoProject8\.venv\Lib\site-packages\django\db\models\fields\files.py first seen with mtime 1744011255.748295
File C:\Users\Andrei2\PycharmProjects\djangoProject8\.venv\Lib\site-packages\django\utils\text.py first seen with mtime 1744011255.962458
File C:\Users\Andrei2\AppData\Local\Programs\Python\Python313\Lib\textwrap.py first seen with mtime 1728286008.0
File C:\Users\Andrei2\PycharmProjects\djangoProject8\.venv\Lib\site-packages\rest_framework\utils\formatting.py first seen with mtime 1744011294.275467
File C:\Users\Andrei2\AppData\Local\Programs\Python\Python313\Lib\importlib\metadata\__init__.py first seen with mtime 1728286008.0
File C:\Users\Andrei2\PycharmProjects\djangoProject8\.venv\Lib\site-packages\dotenv\variables.py first seen with mtime 1744640427.3665562
File C:\Users\Andrei2\PycharmProjects\djangoProject8\.venv\Lib\site-packages\rest_framework\checks.py first seen with mtime 1744011294.0135903
File C:\Users\Andrei2\PycharmProjects\djangoProject8\.venv\Lib\site-packages\psycopg\_tz.py first seen with mtime 1744012653.7055895
File C:\Users\Andrei2\PycharmProjects\djangoProject8\.venv\Lib\site-packages\django\db\backends\base\features.py first seen with mtime 1744011255.6396675
File C:\Users\Andrei2\AppData\Local\Programs\Python\Python313\Lib\email\generator.py first seen with mtime 1728286008.0
File C:\Users\Andrei2\AppData\Local\Programs\Python\Python313\Lib\importlib\metadata\_functools.py first seen with mtime 1728286008.0
File C:\Users\Andrei2\PycharmProjects\djangoProject8\.venv\Lib\site-packages\rest_framework\parsers.py first seen with mtime 1744011294.02717
File C:\Users\Andrei2\PycharmProjects\djangoProject8\.venv\Lib\site-packages\urllib3\_base_connection.py first seen with mtime 1744013362.6692202
File C:\Users\Andrei2\PycharmProjects\djangoProject8\.venv\Lib\site-packages\django\contrib\auth\backends.py first seen with mtime 1744011253.2272797
File C:\Users\Andrei2\AppData\Local\Programs\Python\Python313\Lib\_colorize.py first seen with mtime 1728286008.0
File C:\Users\Andrei2\PycharmProjects\djangoProject8\.venv\Lib\site-packages\django\utils\ipv6.py first seen with mtime 1744011255.9498057
File C:\Users\Andrei2\PycharmProjects\djangoProject8\.venv\Lib\site-packages\django\db\models\functions\comparison.py first seen with mtime 1744011255.76416
File C:\Users\Andrei2\PycharmProjects\djangoProject8\.venv\Lib\site-packages\django\core\checks\async_checks.py first seen with mtime 1744011255.5375602
File C:\Users\Andrei2\PycharmProjects\djangoProject8\.venv\Lib\site-packages\django\contrib\sessions\base_session.py first seen with mtime 1744011254.9712186
File C:\Users\Andrei2\AppData\Local\Programs\Python\Python313\Lib\importlib\resources\readers.py first seen with mtime 1728286008.0
File C:\Users\Andrei2\PycharmProjects\djangoProject8\.venv\Lib\site-packages\psycopg\pq\abc.py first seen with mtime 1744012653.7367773
File C:\Users\Andrei2\AppData\Local\Programs\Python\Python313\Lib\zipfile\_path\glob.py first seen with mtime 1728286008.0
File C:\Users\Andrei2\PycharmProjects\djangoProject8\.venv\Lib\site-packages\urllib3\contrib\__init__.py first seen with mtime 1744013362.6825657
File C:\Users\Andrei2\PycharmProjects\djangoProject8\.venv\Lib\site-packages\django\db\models\fields\related.py first seen with mtime 1744011255.7535057
File C:\Users\Andrei2\AppData\Local\Programs\Python\Python313\Lib\http\server.py first seen with mtime 1728286008.0
File C:\Users\Andrei2\PycharmProjects\djangoProject8\.venv\Lib\site-packages\django\template\defaultfilters.py first seen with mtime 1744011255.8957367
File C:\Users\Andrei2\AppData\Local\Programs\Python\Python313\Lib\encodings\aliases.py first seen with mtime 1728286008.0
File C:\Users\Andrei2\AppData\Local\Programs\Python\Python313\Lib\asyncio\futures.py first seen with mtime 1728286008.0
File C:\Users\Andrei2\PycharmProjects\djangoProject8\.venv\Lib\site-packages\psycopg\_capabilities.py first seen with mtime 1744012653.681915
File C:\Users\Andrei2\PycharmProjects\djangoProject8\.venv\Lib\site-packages\rest_framework\settings.py first seen with mtime 1744011294.0351198
File C:\Users\Andrei2\PycharmProjects\djangoProject8\.venv\Lib\site-packages\requests\cookies.py first seen with mtime 1743832080.2651157
File C:\Users\Andrei2\PycharmProjects\djangoProject8\.venv\Lib\site-packages\urllib3\connection.py first seen with mtime 1744013362.6744502
File C:\Users\Andrei2\AppData\Local\Programs\Python\Python313\Lib\asyncio\taskgroups.py first seen with mtime 1728286008.0
File C:\Users\Andrei2\AppData\Local\Programs\Python\Python313\Lib\asyncio\selector_events.py first seen with mtime 1728286008.0
File C:\Users\Andrei2\AppData\Local\Programs\Python\Python313\Lib\copyreg.py first seen with mtime 1728286008.0
File C:\Users\Andrei2\PycharmProjects\djangoProject8\.venv\Lib\site-packages\django\contrib\admin\__init__.py first seen with mtime 1744011252.3797917
File C:\Users\Andrei2\PycharmProjects\djangoProject8\.venv\Lib\site-packages\django\core\files\storage\__init__.py first seen with mtime 1744011255.5614939
File C:\Users\Andrei2\AppData\Local\Programs\Python\Python313\Lib\asyncio\windows_utils.py first seen with mtime 1728286008.0
File C:\Users\Andrei2\PycharmProjects\djangoProject8\.venv\Lib\site-packages\django\utils\dates.py first seen with mtime 1744011255.9393237
File C:\Users\Andrei2\PycharmProjects\djangoProject8\.venv\Lib\site-packages\django\contrib\postgres\fields\array.py first seen with mtime 1744011254.5740411
File C:\Users\Andrei2\AppData\Local\Programs\Python\Python313\DLLs\_hashlib.pyd first seen with mtime 1728286046.0
File C:\Users\Andrei2\PycharmProjects\djangoProject8\.venv\Lib\site-packages\django\contrib\auth\validators.py first seen with mtime 1744011253.2413397
File C:\Users\Andrei2\PycharmProjects\djangoProject8\.venv\Lib\site-packages\django\contrib\admin\options.py first seen with mtime 1744011252.3905263
File C:\Users\Andrei2\PycharmProjects\djangoProject8\.venv\Lib\site-packages\django\core\wsgi.py first seen with mtime 1744011255.5246418
File C:\Users\Andrei2\PycharmProjects\djangoProject8\.venv\Lib\site-packages\rest_framework\metadata.py first seen with mtime 1744011294.0219712
File C:\Users\Andrei2\AppData\Local\Programs\Python\Python313\Lib\asyncio\runners.py first seen with mtime 1728286008.0
File C:\Users\Andrei2\PycharmProjects\djangoProject8\.venv\Lib\site-packages\django\utils\lorem_ipsum.py first seen with mtime 1744011255.9548078
File C:\Users\Andrei2\PycharmProjects\djangoProject8\.venv\Lib\site-packages\django\contrib\auth\base_user.py first seen with mtime 1744011253.2287617
File C:\Users\Andrei2\AppData\Local\Programs\Python\Python313\Lib\logging\__init__.py first seen with mtime 1728286008.0
File C:\Users\Andrei2\PycharmProjects\djangoProject8\.venv\Lib\site-packages\django\core\cache\backends\__init__.py first seen with mtime 1744011255.527655
File C:\Users\Andrei2\PycharmProjects\djangoProject8\.venv\Lib\site-packages\csp\models.py first seen with mtime 1744011290.0003688
File C:\Users\Andrei2\PycharmProjects\djangoProject8\.venv\Lib\site-packages\requests\api.py first seen with mtime 1743832080.2594714
File C:\Users\Andrei2\PycharmProjects\djangoProject8\.venv\Lib\site-packages\psycopg\types\string.py first seen with mtime 1744012653.7570302
File C:\Users\Andrei2\PycharmProjects\djangoProject8\.venv\Lib\site-packages\django\contrib\postgres\validators.py first seen with mtime 1744011254.5689316
File C:\Users\Andrei2\PycharmProjects\djangoProject8\.venv\Lib\site-packages\environ\__init__.py first seen with mtime 1744011286.676367
File C:\Users\Andrei2\PycharmProjects\djangoProject8\.venv\Lib\site-packages\django\core\checks\security\sessions.py first seen with mtime 1744011255.5520017
File C:\Users\Andrei2\PycharmProjects\djangoProject8\.venv\Lib\site-packages\django\template\loader.py first seen with mtime 1744011255.8997383
File C:\Users\Andrei2\PycharmProjects\djangoProject8\.venv\Lib\site-packages\django\core\servers\basehttp.py first seen with mtime 1744011255.625924
File C:\Users\Andrei2\AppData\Local\Programs\Python\Python313\Lib\http\__init__.py first seen with mtime 1728286008.0
File C:\Users\Andrei2\PycharmProjects\djangoProject8\.venv\Lib\site-packages\psycopg\_conninfo_utils.py first seen with mtime 1744012653.6885736
File C:\Users\Andrei2\PycharmProjects\djangoProject8\.venv\Lib\site-packages\psycopg\types\array.py first seen with mtime 1744012653.7407522
File C:\Users\Andrei2\PycharmProjects\djangoProject8\.venv\Lib\site-packages\sqlparse\utils.py first seen with mtime 1744013322.5206127
File C:\Users\Andrei2\PycharmProjects\djangoProject8\.venv\Lib\site-packages\django\core\__init__.py first seen with mtime 1744011255.516636
File C:\Users\Andrei2\PycharmProjects\djangoProject8\.venv\Lib\site-packages\urllib3\util\url.py first seen with mtime 1744013362.7066166
File C:\Users\Andrei2\AppData\Local\Programs\Python\Python313\Lib\logging\handlers.py first seen with mtime 1728286008.0
File C:\Users\Andrei2\PycharmProjects\djangoProject8\.venv\Lib\site-packages\django\db\models\constants.py first seen with mtime 1744011255.732466
File C:\Users\Andrei2\PycharmProjects\djangoProject8\.venv\Lib\site-packages\django\template\exceptions.py first seen with mtime 1744011255.8987377
File C:\Users\Andrei2\PycharmProjects\djangoProject8\.venv\Lib\site-packages\charset_normalizer\__init__.py first seen with mtime 1744011158.5452528
File C:\Users\Andrei2\PycharmProjects\djangoProject8\.venv\Lib\site-packages\colorama\win32.py first seen with mtime 1744011168.9596407
File C:\Users\Andrei2\PycharmProjects\djangoProject8\.venv\Lib\site-packages\django\contrib\postgres\fields\citext.py first seen with mtime 1744011254.5740411
File C:\Users\Andrei2\PycharmProjects\djangoProject8\.venv\Lib\site-packages\urllib3\http2\probe.py first seen with mtime 1744013362.6961608
File C:\Users\Andrei2\PycharmProjects\djangoProject8\mydogs\admin.py first seen with mtime 1744636147.6417513
File C:\Users\Andrei2\PycharmProjects\djangoProject8\.venv\Lib\site-packages\rest_framework\utils\encoders.py first seen with mtime 1744011294.2739608
File C:\Users\Andrei2\AppData\Local\Programs\Python\Python313\Lib\asyncio\log.py first seen with mtime 1728286008.0
File C:\Users\Andrei2\PycharmProjects\djangoProject8\.venv\Lib\site-packages\requests\packages.py first seen with mtime 1743832080.2683997
File C:\Users\Andrei2\PycharmProjects\djangoProject8\.venv\Lib\site-packages\django\db\models\base.py first seen with mtime 1744011255.7314658
File C:\Users\Andrei2\PycharmProjects\djangoProject8\.venv\Lib\site-packages\rest_framework\schemas\inspectors.py first seen with mtime 1744011294.158081
File C:\Users\Andrei2\PycharmProjects\djangoProject8\.venv\Lib\site-packages\psycopg\pq\__init__.py first seen with mtime 1744012653.7311625
File C:\Users\Andrei2\AppData\Local\Programs\Python\Python313\Lib\keyword.py first seen with mtime 1728286008.0
File C:\Users\Andrei2\AppData\Local\Programs\Python\Python313\Lib\random.py first seen with mtime 1728286008.0
File C:\Users\Andrei2\PycharmProjects\djangoProject8\.venv\Lib\site-packages\environ\fileaware_mapping.py first seen with mtime 1744011286.680538
File C:\Users\Andrei2\AppData\Local\Programs\Python\Python313\Lib\dis.py first seen with mtime 1728286008.0
File C:\Users\Andrei2\AppData\Local\Programs\Python\Python313\Lib\socketserver.py first seen with mtime 1728286008.0
File C:\Users\Andrei2\PycharmProjects\djangoProject8\.venv\Lib\site-packages\django\contrib\staticfiles\management\__init__.py first seen with mtime 1744011255.5090294
File C:\Users\Andrei2\PycharmProjects\djangoProject8\.venv\Lib\site-packages\django\db\migrations\state.py first seen with mtime 1744011255.7042575
File C:\Users\Andrei2\PycharmProjects\djangoProject8\.venv\Lib\site-packages\charset_normalizer\constant.py first seen with mtime 1744011158.5489416
File C:\Users\Andrei2\PycharmProjects\djangoProject8\.venv\Lib\site-packages\psycopg\types\none.py first seen with mtime 1744012653.7520792
File C:\Users\Andrei2\PycharmProjects\djangoProject8\.venv\Lib\site-packages\psycopg_binary\__init__.py first seen with mtime 1744012662.575135
File C:\Users\Andrei2\PycharmProjects\djangoProject8\.venv\Lib\site-packages\django\forms\fields.py first seen with mtime 1744011255.7849317
File C:\Users\Andrei2\PycharmProjects\djangoProject8\.venv\Lib\site-packages\django\contrib\contenttypes\views.py first seen with mtime 1744011253.5387316
File C:\Users\Andrei2\PycharmProjects\djangoProject8\.venv\Lib\site-packages\django\urls\converters.py first seen with mtime 1744011255.9269593
File C:\Users\Andrei2\PycharmProjects\djangoProject8\.venv\Lib\site-packages\django\utils\http.py first seen with mtime 1744011255.948595
File C:\Users\Andrei2\PycharmProjects\djangoProject8\.venv\Lib\site-packages\django\http\request.py first seen with mtime 1744011255.8835483
File C:\Users\Andrei2\AppData\Local\Programs\Python\Python313\Lib\email\errors.py first seen with mtime 1728286008.0
File C:\Users\Andrei2\AppData\Local\Programs\Python\Python313\Lib\__future__.py first seen with mtime 1728286008.0
File C:\Users\Andrei2\PycharmProjects\djangoProject8\.venv\Lib\site-packages\psycopg\types\composite.py first seen with mtime 1744012653.7431324
File C:\Users\Andrei2\AppData\Local\Programs\Python\Python313\Lib\ipaddress.py first seen with mtime 1728286008.0
File C:\Users\Andrei2\PycharmProjects\djangoProject8\.venv\Lib\site-packages\psycopg\types\range.py first seen with mtime 1744012653.7544167
File C:\Users\Andrei2\PycharmProjects\djangoProject8\.venv\Lib\site-packages\django\views\static.py first seen with mtime 1744011255.9755764
File C:\Users\Andrei2\AppData\Local\Programs\Python\Python313\Lib\operator.py first seen with mtime 1728286008.0
File C:\Users\Andrei2\PycharmProjects\djangoProject8\.venv\Lib\site-packages\rest_framework\decorators.py first seen with mtime 1744011294.016185
File C:\Users\Andrei2\AppData\Local\Programs\Python\Python313\Lib\tokenize.py first seen with mtime 1728286008.0
File C:\Users\Andrei2\PycharmProjects\djangoProject8\.venv\Lib\site-packages\django\http\cookie.py first seen with mtime 1744011255.8815472
File C:\Users\Andrei2\AppData\Local\Programs\Python\Python313\Lib\asyncio\sslproto.py first seen with mtime 1728286008.0
File C:\Users\Andrei2\PycharmProjects\djangoProject8\.venv\Lib\site-packages\django\template\loaders\app_directories.py first seen with mtime 1744011255.9087386
File C:\Users\Andrei2\PycharmProjects\djangoProject8\.venv\Lib\site-packages\django\contrib\postgres\forms\hstore.py first seen with mtime 1744011254.5805893
File C:\Users\Andrei2\PycharmProjects\djangoProject8\.venv\Lib\site-packages\django\core\files\temp.py first seen with mtime 1744011255.5574505
File C:\Users\Andrei2\PycharmProjects\djangoProject8\.venv\Lib\site-packages\django\db\backends\__init__.py first seen with mtime 1744011255.6300325
File C:\Users\Andrei2\PycharmProjects\djangoProject8\.venv\Lib\site-packages\rest_framework\schemas\generators.py first seen with mtime 1744011294.157081
File C:\Users\Andrei2\PycharmProjects\djangoProject8\.venv\Lib\site-packages\django\db\models\indexes.py first seen with mtime 1744011255.737464
File C:\Users\Andrei2\PycharmProjects\djangoProject8\.venv\Lib\site-packages\django\db\backends\base\__init__.py first seen with mtime 1744011255.6331494
File C:\Users\Andrei2\PycharmProjects\djangoProject8\.venv\Lib\site-packages\django\contrib\sites\__init__.py first seen with mtime 1744011255.2000976
File C:\Users\Andrei2\PycharmProjects\djangoProject8\.venv\Lib\site-packages\django\contrib\admin\templatetags\log.py first seen with mtime 1744011252.9615524
File C:\Users\Andrei2\PycharmProjects\djangoProject8\.venv\Lib\site-packages\django\urls\utils.py first seen with mtime 1744011255.9291067
File C:\Users\Andrei2\PycharmProjects\djangoProject8\.venv\Lib\site-packages\psycopg\_typemod.py first seen with mtime 1744012653.7045774
File C:\Users\Andrei2\PycharmProjects\djangoProject8\djangoProject8\settings.py first seen with mtime 1745068590.079351
File C:\Users\Andrei2\AppData\Local\Programs\Python\Python313\Lib\gzip.py first seen with mtime 1728286008.0
File C:\Users\Andrei2\PycharmProjects\djangoProject8\.venv\Lib\site-packages\django\conf\global_settings.py first seen with mtime 1744011252.0033257
File C:\Users\Andrei2\AppData\Local\Programs\Python\Python313\Lib\_opcode_metadata.py first seen with mtime 1728286008.0
File C:\Users\Andrei2\AppData\Local\Programs\Python\Python313\Lib\zoneinfo\_tzpath.py first seen with mtime 1728286008.0
File C:\Users\Andrei2\PycharmProjects\djangoProject8\.venv\Lib\site-packages\django\db\models\functions\mixins.py first seen with mtime 1744011255.767333
File C:\Users\Andrei2\AppData\Local\Programs\Python\Python313\Lib\contextvars.py first seen with mtime 1728286008.0
File C:\Users\Andrei2\PycharmProjects\djangoProject8\.venv\Lib\site-packages\django\conf\__init__.py first seen with mtime 1744011252.001131
File C:\Users\Andrei2\PycharmProjects\djangoProject8\.venv\Lib\site-packages\django\db\backends\postgresql\client.py first seen with mtime 1744011255.6732318
File C:\Users\Andrei2\PycharmProjects\djangoProject8\.venv\Lib\site-packages\psycopg\types\multirange.py first seen with mtime 1744012653.7500587
File C:\Users\Andrei2\PycharmProjects\djangoProject8\.venv\Lib\site-packages\django\db\models\functions\window.py first seen with mtime 1744011255.7694516
File C:\Users\Andrei2\AppData\Local\Programs\Python\Python313\Lib\ssl.py first seen with mtime 1728286008.0
File C:\Users\Andrei2\PycharmProjects\djangoProject8\.venv\Lib\site-packages\django\contrib\auth\password_validation.py first seen with mtime 1744011253.2372527
File C:\Users\Andrei2\PycharmProjects\djangoProject8\.venv\Lib\site-packages\psycopg\_acompat.py first seen with mtime 1744012653.6792738
File C:\Users\Andrei2\PycharmProjects\djangoProject8\.venv\Lib\site-packages\django\core\serializers\__init__.py first seen with mtime 1744011255.6178274
File C:\Users\Andrei2\PycharmProjects\djangoProject8\.venv\Lib\site-packages\django\core\cache\backends\base.py first seen with mtime 1744011255.527655
File C:\Users\Andrei2\PycharmProjects\djangoProject8\.venv\Lib\site-packages\django\db\backends\postgresql\schema.py first seen with mtime 1744011255.6803534
File C:\Users\Andrei2\PycharmProjects\djangoProject8\.venv\Lib\site-packages\django\db\models\functions\math.py first seen with mtime 1744011255.766319
File C:\Users\Andrei2\AppData\Local\Programs\Python\Python313\Lib\json\decoder.py first seen with mtime 1728286008.0
File C:\Users\Andrei2\PycharmProjects\djangoProject8\.venv\Lib\site-packages\requests\__init__.py first seen with mtime 1743832080.248982
File C:\Users\Andrei2\PycharmProjects\djangoProject8\.venv\Lib\site-packages\django\core\files\images.py first seen with mtime 1744011255.5550017
File C:\Users\Andrei2\PycharmProjects\djangoProject8\.venv\Lib\site-packages\django\urls\resolvers.py first seen with mtime 1744011255.9281058
File C:\Users\Andrei2\AppData\Local\Programs\Python\Python313\Lib\pprint.py first seen with mtime 1728286008.0
File C:\Users\Andrei2\AppData\Local\Programs\Python\Python313\Lib\email\header.py first seen with mtime 1728286008.0
File C:\Users\Andrei2\AppData\Local\Programs\Python\Python313\Lib\encodings\cp1251.py first seen with mtime 1728286008.0
File C:\Users\Andrei2\PycharmProjects\djangoProject8\.venv\Lib\site-packages\django\contrib\auth\__init__.py first seen with mtime 1744011253.2241235
File C:\Users\Andrei2\PycharmProjects\djangoProject8\.venv\Lib\site-packages\idna\idnadata.py first seen with mtime 1743832079.3673258
File C:\Users\Andrei2\PycharmProjects\djangoProject8\.venv\Lib\site-packages\rest_framework\viewsets.py first seen with mtime 1744011294.0431824
File C:\Users\Andrei2\AppData\Local\Programs\Python\Python313\Lib\uuid.py first seen with mtime 1728286008.0
File C:\Users\Andrei2\AppData\Local\Programs\Python\Python313\Lib\gettext.py first seen with mtime 1728286008.0
File C:\Users\Andrei2\AppData\Local\Programs\Python\Python313\Lib\platform.py first seen with mtime 1728286008.0
File C:\Users\Andrei2\PycharmProjects\djangoProject8\.venv\Lib\site-packages\django\core\files\__init__.py first seen with mtime 1744011255.553004
File C:\Users\Andrei2\PycharmProjects\djangoProject8\.venv\Lib\site-packages\django\core\files\storage\mixins.py first seen with mtime 1744011255.5670178
File C:\Users\Andrei2\PycharmProjects\djangoProject8\.venv\Lib\site-packages\django\utils\__init__.py first seen with mtime 1744011255.9301054
File C:\Users\Andrei2\AppData\Local\Programs\Python\Python313\Lib\email\base64mime.py first seen with mtime 1728286008.0
File C:\Users\Andrei2\AppData\Local\Programs\Python\Python313\Lib\html\__init__.py first seen with mtime 1728286008.0
File C:\Users\Andrei2\AppData\Local\Programs\Python\Python313\Lib\importlib\metadata\_adapters.py first seen with mtime 1728286008.0
File C:\Users\Andrei2\PycharmProjects\djangoProject8\.venv\Lib\site-packages\django\views\defaults.py first seen with mtime 1744011255.9745777
File C:\Users\Andrei2\AppData\Local\Programs\Python\Python313\Lib\urllib\request.py first seen with mtime 1728286008.0
File C:\Users\Andrei2\PycharmProjects\djangoProject8\.venv\Lib\site-packages\django\db\models\functions\__init__.py first seen with mtime 1744011255.7631607
File C:\Users\Andrei2\PycharmProjects\djangoProject8\.venv\Lib\site-packages\django\utils\connection.py first seen with mtime 1744011255.9351046
File C:\Users\Andrei2\PycharmProjects\djangoProject8\.venv\Lib\site-packages\django\db\models\fields\reverse_related.py first seen with mtime 1744011255.7621639
File C:\Users\Andrei2\PycharmProjects\djangoProject8\.venv\Lib\site-packages\pygments\formatters\_mapping.py first seen with mtime 1744012699.688861
File C:\Users\Andrei2\AppData\Local\Programs\Python\Python313\Lib\secrets.py first seen with mtime 1728286008.0
File C:\Users\Andrei2\PycharmProjects\djangoProject8\.venv\Lib\site-packages\psycopg\_connection_base.py first seen with mtime 1744012653.6856623
File C:\Users\Andrei2\PycharmProjects\djangoProject8\.venv\Lib\site-packages\django\db\models\sql\__init__.py first seen with mtime 1744011255.7704513
File C:\Users\Andrei2\PycharmProjects\djangoProject8\.venv\Lib\site-packages\urllib3\exceptions.py first seen with mtime 1744013362.6763706
File C:\Users\Andrei2\PycharmProjects\djangoProject8\.venv\Lib\site-packages\django\db\migrations\exceptions.py first seen with mtime 1744011255.692875
File C:\Users\Andrei2\AppData\Local\Programs\Python\Python313\DLLs\_wmi.pyd first seen with mtime 1728286046.0
File C:\Users\Andrei2\AppData\Local\Programs\Python\Python313\Lib\asyncio\base_events.py first seen with mtime 1728286008.0
File C:\Users\Andrei2\AppData\Local\Programs\Python\Python313\Lib\email\mime\nonmultipart.py first seen with mtime 1728286008.0
File C:\Users\Andrei2\PycharmProjects\djangoProject8\.venv\Lib\site-packages\urllib3\util\__init__.py first seen with mtime 1744013362.6971362
File C:\Users\Andrei2\PycharmProjects\djangoProject8\.venv\Lib\site-packages\psycopg\_cmodule.py first seen with mtime 1744012653.683098
File C:\Users\Andrei2\PycharmProjects\djangoProject8\.venv\Lib\site-packages\django\utils\numberformat.py first seen with mtime 1744011255.957807
File C:\Users\Andrei2\AppData\Local\Programs\Python\Python313\Lib\asyncio\subprocess.py first seen with mtime 1728286008.0
File C:\Users\Andrei2\PycharmProjects\djangoProject8\.venv\Lib\site-packages\corsheaders\__init__.py first seen with mtime 1744011279.3135061
File C:\Users\Andrei2\PycharmProjects\djangoProject8\.venv\Lib\site-packages\psycopg_binary\pq.cp313-win_amd64.pyd first seen with mtime 1744012662.5648732
File C:\Users\Andrei2\PycharmProjects\djangoProject8\.venv\Lib\site-packages\psycopg\client_cursor.py first seen with mtime 1744012653.70894
File C:\Users\Andrei2\AppData\Local\Programs\Python\Python313\Lib\asyncio\queues.py first seen with mtime 1728286008.0
File C:\Users\Andrei2\PycharmProjects\djangoProject8\.venv\Lib\site-packages\django\template\autoreload.py first seen with mtime 1744011255.892637
File C:\Users\Andrei2\PycharmProjects\djangoProject8\.venv\Lib\site-packages\django\core\files\locks.py first seen with mtime 1744011255.5550017
File C:\Users\Andrei2\PycharmProjects\djangoProject8\.venv\Lib\site-packages\django\contrib\contenttypes\fields.py first seen with mtime 1744011253.5353298
File C:\Users\Andrei2\PycharmProjects\djangoProject8\.venv\Lib\site-packages\django\contrib\messages\api.py first seen with mtime 1744011254.54993
File C:\Users\Andrei2\PycharmProjects\djangoProject8\.venv\Lib\site-packages\psycopg\__init__.py first seen with mtime 1744012653.6778193
File C:\Users\Andrei2\PycharmProjects\djangoProject8\.venv\Lib\site-packages\django\contrib\admin\apps.py first seen with mtime 1744011252.380802
File C:\Users\Andrei2\AppData\Local\Programs\Python\Python313\Lib\encodings\idna.py first seen with mtime 1728286008.0
File C:\Users\Andrei2\PycharmProjects\djangoProject8\.venv\Lib\site-packages\psycopg_binary\version.py first seen with mtime 1744012662.5674818
File C:\Users\Andrei2\PycharmProjects\djangoProject8\.venv\Lib\site-packages\django\db\models\query.py first seen with mtime 1744011255.7418025
File C:\Users\Andrei2\AppData\Local\Programs\Python\Python313\Lib\bisect.py first seen with mtime 1728286008.0
File C:\Users\Andrei2\PycharmProjects\djangoProject8\.venv\Lib\site-packages\psycopg\server_cursor.py first seen with mtime 1744012653.7233272
File C:\Users\Andrei2\PycharmProjects\djangoProject8\.venv\Lib\site-packages\pygments\formatters\html.py first seen with mtime 1744012699.6902936
File C:\Users\Andrei2\PycharmProjects\djangoProject8\.venv\Lib\site-packages\django\contrib\admin\templatetags\admin_list.py first seen with mtime 1744011252.9569855
File C:\Users\Andrei2\PycharmProjects\djangoProject8\.venv\Lib\site-packages\django\core\checks\caches.py first seen with mtime 1744011255.5389628
File C:\Users\Andrei2\PycharmProjects\djangoProject8\.venv\Lib\site-packages\django\core\management\base.py first seen with mtime 1744011255.585258
File C:\Users\Andrei2\AppData\Local\Programs\Python\Python313\Lib\subprocess.py first seen with mtime 1728286008.0
File C:\Users\Andrei2\AppData\Local\Programs\Python\Python313\Lib\locale.py first seen with mtime 1728286008.0
File C:\Users\Andrei2\PycharmProjects\djangoProject8\.venv\Lib\site-packages\django\db\backends\ddl_references.py first seen with mtime 1744011255.63103
File C:\Users\Andrei2\PycharmProjects\djangoProject8\.venv\Lib\site-packages\django\core\checks\messages.py first seen with mtime 1744011255.5413156
File C:\Users\Andrei2\PycharmProjects\djangoProject8\.venv\Lib\site-packages\django\db\__init__.py first seen with mtime 1744011255.6270304
File C:\Users\Andrei2\PycharmProjects\djangoProject8\.venv\Lib\site-packages\django\http\response.py first seen with mtime 1744011255.8835483
File C:\Users\Andrei2\PycharmProjects\djangoProject8\.venv\Lib\site-packages\django\core\management\color.py first seen with mtime 1744011255.5862615
File C:\Users\Andrei2\AppData\Local\Programs\Python\Python313\Lib\inspect.py first seen with mtime 1728286008.0
File C:\Users\Andrei2\PycharmProjects\djangoProject8\.venv\Lib\site-packages\colorama\__init__.py first seen with mtime 1744011168.9555104
File C:\Users\Andrei2\AppData\Local\Programs\Python\Python313\Lib\pkgutil.py first seen with mtime 1728286008.0
File C:\Users\Andrei2\PycharmProjects\djangoProject8\.venv\Lib\site-packages\rest_framework\schemas\openapi.py first seen with mtime 1744011294.1591265
File C:\Users\Andrei2\PycharmProjects\djangoProject8\.venv\Lib\site-packages\django\core\handlers\base.py first seen with mtime 1744011255.5702605
File C:\Users\Andrei2\PycharmProjects\djangoProject8\.venv\Lib\site-packages\django\views\generic\detail.py first seen with mtime 1744011255.986964
File C:\Users\Andrei2\PycharmProjects\djangoProject8\.venv\Lib\site-packages\psycopg\sql.py first seen with mtime 1744012653.7243383
File C:\Users\Andrei2\PycharmProjects\djangoProject8\.venv\Lib\site-packages\django\middleware\cache.py first seen with mtime 1744011255.8856363
File C:\Users\Andrei2\PycharmProjects\djangoProject8\.venv\Lib\site-packages\django\db\backends\base\operations.py first seen with mtime 1744011255.6416667
File C:\Users\Andrei2\PycharmProjects\djangoProject8\.venv\Lib\site-packages\rest_framework\exceptions.py first seen with mtime 1744011294.0174677
File C:\Users\Andrei2\PycharmProjects\djangoProject8\.venv\Lib\site-packages\django\db\models\manager.py first seen with mtime 1744011255.7394643
File C:\Users\Andrei2\PycharmProjects\djangoProject8\mydogs\__init__.py first seen with mtime 1743832080.541223
File C:\Users\Andrei2\AppData\Local\Programs\Python\Python313\Lib\email\encoders.py first seen with mtime 1728286008.0
File C:\Users\Andrei2\PycharmProjects\djangoProject8\.venv\Lib\site-packages\rest_framework\utils\mediatypes.py first seen with mtime 1744011294.2788315
File C:\Users\Andrei2\PycharmProjects\djangoProject8\.venv\Lib\site-packages\psycopg\_queries.py first seen with mtime 1744012653.7006667
File C:\Users\Andrei2\AppData\Local\Programs\Python\Python313\Lib\asyncio\staggered.py first seen with mtime 1728286008.0
File C:\Users\Andrei2\PycharmProjects\djangoProject8\.venv\Lib\site-packages\certifi\core.py first seen with mtime 1744011116.7263272
File C:\Users\Andrei2\PycharmProjects\djangoProject8\.venv\Lib\site-packages\django\db\backends\base\introspection.py first seen with mtime 1744011255.640669
File C:\Users\Andrei2\PycharmProjects\djangoProject8\.venv\Lib\site-packages\django\db\backends\postgresql\creation.py first seen with mtime 1744011255.6742465
File C:\Users\Andrei2\PycharmProjects\djangoProject8\.venv\Lib\site-packages\psycopg\abc.py first seen with mtime 1744012653.7079277
File C:\Users\Andrei2\AppData\Local\Programs\Python\Python313\Lib\re\_casefix.py first seen with mtime 1728286008.0
File C:\Users\Andrei2\PycharmProjects\djangoProject8\.venv\Lib\site-packages\django\utils\asyncio.py first seen with mtime 1744011255.9321063
File C:\Users\Andrei2\PycharmProjects\djangoProject8\.venv\Lib\site-packages\urllib3\util\ssl_.py first seen with mtime 1744013362.702464
File C:\Users\Andrei2\PycharmProjects\djangoProject8\.venv\Lib\site-packages\rest_framework\response.py first seen with mtime 1744011294.031508
File C:\Users\Andrei2\PycharmProjects\djangoProject8\.venv\Lib\site-packages\django\contrib\postgres\forms\array.py first seen with mtime 1744011254.5795877
File C:\Users\Andrei2\PycharmProjects\djangoProject8\.venv\Lib\site-packages\rest_framework\relations.py first seen with mtime 1744011294.0293846
File C:\Users\Andrei2\AppData\Local\Programs\Python\Python313\Lib\difflib.py first seen with mtime 1728286008.0
File C:\Users\Andrei2\PycharmProjects\djangoProject8\.venv\Lib\site-packages\psycopg\_cursor_base.py first seen with mtime 1744012653.692768
File C:\Users\Andrei2\PycharmProjects\djangoProject8\.venv\Lib\site-packages\django\contrib\sessions\apps.py first seen with mtime 1744011254.9702022
File C:\Users\Andrei2\PycharmProjects\djangoProject8\.venv\Lib\site-packages\django\core\serializers\base.py first seen with mtime 1744011255.6188288
File C:\Users\Andrei2\AppData\Local\Programs\Python\Python313\Lib\urllib\parse.py first seen with mtime 1728286008.0
File C:\Users\Andrei2\PycharmProjects\djangoProject8\.venv\Lib\site-packages\rest_framework\schemas\coreapi.py first seen with mtime 1744011294.156082
File C:\Users\Andrei2\PycharmProjects\djangoProject8\.venv\Lib\site-packages\idna\__init__.py first seen with mtime 1743832079.3512645
File C:\Users\Andrei2\PycharmProjects\djangoProject8\.venv\Lib\site-packages\psycopg\version.py first seen with mtime 1744012653.7255647
File C:\Users\Andrei2\AppData\Local\Programs\Python\Python313\Lib\email\policy.py first seen with mtime 1728286008.0
File C:\Users\Andrei2\PycharmProjects\djangoProject8\.venv\Lib\site-packages\rest_framework\compat.py first seen with mtime 1744011294.0149097
File C:\Users\Andrei2\AppData\Local\Programs\Python\Python313\Lib\_weakrefset.py first seen with mtime 1728286008.0
File C:\Users\Andrei2\PycharmProjects\djangoProject8\.venv\Lib\site-packages\psycopg\generators.py first seen with mtime 1744012653.7184355
File C:\Users\Andrei2\PycharmProjects\djangoProject8\.venv\Lib\site-packages\django\contrib\postgres\fields\__init__.py first seen with mtime 1744011254.5730395
File C:\Users\Andrei2\PycharmProjects\djangoProject8\.venv\Lib\site-packages\django\core\servers\__init__.py first seen with mtime 1744011255.624912
File C:\Users\Andrei2\AppData\Local\Programs\Python\Python313\Lib\asyncio\transports.py first seen with mtime 1728286008.0
File C:\Users\Andrei2\PycharmProjects\djangoProject8\.venv\Lib\site-packages\django\core\handlers\__init__.py first seen with mtime 1744011255.568246
File C:\Users\Andrei2\PycharmProjects\djangoProject8\.venv\Lib\site-packages\django\views\generic\dates.py first seen with mtime 1744011255.9858239
File C:\Users\Andrei2\AppData\Local\Programs\Python\Python313\Lib\email\mime\text.py first seen with mtime 1728286008.0
File C:\Users\Andrei2\PycharmProjects\djangoProject8\.venv\Lib\site-packages\django\utils\translation\reloader.py first seen with mtime 1744011255.9684672
File C:\Users\Andrei2\PycharmProjects\djangoProject8\.venv\Lib\site-packages\django\db\models\fields\generated.py first seen with mtime 1744011255.749296
File C:\Users\Andrei2\PycharmProjects\djangoProject8\.venv\Lib\site-packages\django\apps\__init__.py first seen with mtime 1744011251.9979253
File C:\Users\Andrei2\PycharmProjects\djangoProject8\.venv\Lib\site-packages\django\db\models\aggregates.py first seen with mtime 1744011255.730464
File C:\Users\Andrei2\AppData\Local\Programs\Python\Python313\Lib\asyncio\streams.py first seen with mtime 1728286008.0
File C:\Users\Andrei2\PycharmProjects\djangoProject8\.venv\Lib\site-packages\django\contrib\contenttypes\models.py first seen with mtime 1744011253.5377216
File C:\Users\Andrei2\AppData\Local\Programs\Python\Python313\DLLs\unicodedata.pyd first seen with mtime 1728286046.0
File C:\Users\Andrei2\AppData\Local\Programs\Python\Python313\Lib\quopri.py first seen with mtime 1728286008.0
File C:\Users\Andrei2\PycharmProjects\djangoProject8\.venv\Lib\site-packages\django\contrib\admin\filters.py first seen with mtime 1744011252.3841279
File C:\Users\Andrei2\PycharmProjects\djangoProject8\.venv\Lib\site-packages\django\utils\deprecation.py first seen with mtime 1744011255.9413338
File C:\Users\Andrei2\PycharmProjects\djangoProject8\.venv\Lib\site-packages\django\contrib\auth\middleware.py first seen with mtime 1744011253.2352512
File C:\Users\Andrei2\PycharmProjects\djangoProject8\.venv\Lib\site-packages\django\template\engine.py first seen with mtime 1744011255.8977375
File C:\Users\Andrei2\AppData\Local\Programs\Python\Python313\Lib\html\entities.py first seen with mtime 1728286008.0
File C:\Users\Andrei2\PycharmProjects\djangoProject8\.venv\Lib\site-packages\django\contrib\staticfiles\handlers.py first seen with mtime 1744011255.503515
File C:\Users\Andrei2\PycharmProjects\djangoProject8\.venv\Lib\site-packages\rest_framework\templatetags\rest_framework.py first seen with mtime 1744011294.270871
File C:\Users\Andrei2\AppData\Local\Programs\Python\Python313\Lib\weakref.py first seen with mtime 1728286008.0
File C:\Users\Andrei2\AppData\Local\Programs\Python\Python313\Lib\collections\__init__.py first seen with mtime 1728286008.0
File C:\Users\Andrei2\PycharmProjects\djangoProject8\.venv\Lib\site-packages\django\contrib\staticfiles\apps.py first seen with mtime 1744011255.5009277
File C:\Users\Andrei2\PycharmProjects\djangoProject8\.venv\Lib\site-packages\rest_framework\utils\urls.py first seen with mtime 1744011294.2823358
File C:\Users\Andrei2\PycharmProjects\djangoProject8\.venv\Lib\site-packages\pygments\formatters\__init__.py first seen with mtime 1744012699.6875894
File C:\Users\Andrei2\PycharmProjects\djangoProject8\.venv\Lib\site-packages\sqlparse\filters\right_margin.py first seen with mtime 1744013322.5302691
File C:\Users\Andrei2\PycharmProjects\djangoProject8\.venv\Lib\site-packages\django\contrib\admin\templatetags\__init__.py first seen with mtime 1744011252.9559813
File C:\Users\Andrei2\PycharmProjects\djangoProject8\.venv\Lib\site-packages\corsheaders\checks.py first seen with mtime 1744011279.314506
File C:\Users\Andrei2\PycharmProjects\djangoProject8\.venv\Lib\site-packages\rest_framework\utils\representation.py first seen with mtime 1744011294.2798362
File C:\Users\Andrei2\PycharmProjects\djangoProject8\.venv\Lib\site-packages\django\db\models\sql\constants.py first seen with mtime 1744011255.7734618
File C:\Users\Andrei2\AppData\Local\Programs\Python\Python313\Lib\zoneinfo\__init__.py first seen with mtime 1728286008.0
File C:\Users\Andrei2\PycharmProjects\djangoProject8\.venv\Lib\site-packages\sqlparse\tokens.py first seen with mtime 1744013322.519214
File C:\Users\Andrei2\PycharmProjects\djangoProject8\.venv\Lib\site-packages\django\utils\hashable.py first seen with mtime 1744011255.9455855
File C:\Users\Andrei2\PycharmProjects\djangoProject8\.venv\Lib\site-packages\django\db\transaction.py first seen with mtime 1744011255.6280315
File C:\Users\Andrei2\PycharmProjects\djangoProject8\.venv\Lib\site-packages\django\template\utils.py first seen with mtime 1744011255.9027367
File C:\Users\Andrei2\PycharmProjects\djangoProject8\.venv\Lib\site-packages\psycopg\_copy_base.py first seen with mtime 1744012653.691762
File C:\Users\Andrei2\AppData\Local\Programs\Python\Python313\Lib\graphlib.py first seen with mtime 1728286008.0
File C:\Users\Andrei2\PycharmProjects\djangoProject8\.venv\Lib\site-packages\sqlparse\exceptions.py first seen with mtime 1744013322.5139492
File C:\Users\Andrei2\PycharmProjects\djangoProject8\.venv\Lib\site-packages\django\middleware\security.py first seen with mtime 1744011255.8906407
File C:\Users\Andrei2\AppData\Local\Programs\Python\Python313\Lib\zipfile\__init__.py first seen with mtime 1728286008.0
File C:\Users\Andrei2\AppData\Local\Programs\Python\Python313\Lib\copy.py first seen with mtime 1728286008.0
File C:\Users\Andrei2\PycharmProjects\djangoProject8\.venv\Lib\site-packages\requests\hooks.py first seen with mtime 1743832080.2683997
File C:\Users\Andrei2\PycharmProjects\djangoProject8\.venv\Lib\site-packages\sqlparse\engine\filter_stack.py first seen with mtime 1744013322.5217342
File C:\Users\Andrei2\PycharmProjects\djangoProject8\.venv\Lib\site-packages\django\core\checks\registry.py first seen with mtime 1744011255.5427604
File C:\Users\Andrei2\AppData\Local\Programs\Python\Python313\Lib\base64.py first seen with mtime 1728286008.0
File C:\Users\Andrei2\PycharmProjects\djangoProject8\.venv\Lib\site-packages\urllib3\util\request.py first seen with mtime 1744013362.699377
File C:\Users\Andrei2\PycharmProjects\djangoProject8\.venv\Lib\site-packages\django\core\files\storage\handler.py first seen with mtime 1744011255.564984
File C:\Users\Andrei2\PycharmProjects\djangoProject8\mydogs\models.py first seen with mtime 1744632688.5754273
File C:\Users\Andrei2\PycharmProjects\djangoProject8\.venv\Lib\site-packages\pygments\__init__.py first seen with mtime 1744012699.673222
File C:\Users\Andrei2\PycharmProjects\djangoProject8\.venv\Lib\site-packages\rest_framework\negotiation.py first seen with mtime 1744011294.0249293
File C:\Users\Andrei2\PycharmProjects\djangoProject8\.venv\Lib\site-packages\django\http\__init__.py first seen with mtime 1744011255.8805504
File C:\Users\Andrei2\PycharmProjects\djangoProject8\.venv\Lib\site-packages\django\forms\boundfield.py first seen with mtime 1744011255.782932
File C:\Users\Andrei2\PycharmProjects\djangoProject8\.venv\Lib\site-packages\django\contrib\messages\storage\__init__.py first seen with mtime 1744011254.555931
File C:\Users\Andrei2\PycharmProjects\djangoProject8\.venv\Lib\site-packages\django\db\backends\postgresql\base.py first seen with mtime 1744011255.6720917
File C:\Users\Andrei2\PycharmProjects\djangoProject8\.venv\Lib\site-packages\django\db\models\sql\datastructures.py first seen with mtime 1744011255.774477
File C:\Users\Andrei2\PycharmProjects\djangoProject8\.venv\Lib\site-packages\rest_framework\utils\model_meta.py first seen with mtime 1744011294.2788315
File C:\Users\Andrei2\PycharmProjects\djangoProject8\.venv\Lib\site-packages\django\core\management\__init__.py first seen with mtime 1744011255.5830395
File C:\Users\Andrei2\PycharmProjects\djangoProject8\.venv\Lib\site-packages\environ\compat.py first seen with mtime 1744011286.677369
File C:\Users\Andrei2\PycharmProjects\djangoProject8\.venv\Lib\site-packages\django\contrib\auth\apps.py first seen with mtime 1744011253.2272797
File C:\Users\Andrei2\PycharmProjects\djangoProject8\.venv\Lib\site-packages\django\forms\forms.py first seen with mtime 1744011255.7859302
File C:\Users\Andrei2\PycharmProjects\djangoProject8\.venv\Lib\site-packages\charset_normalizer\md.cp313-win_amd64.pyd first seen with mtime 1744011158.5489416
File C:\Users\Andrei2\PycharmProjects\djangoProject8\.venv\Lib\site-packages\django\core\files\storage\memory.py first seen with mtime 1744011255.5660055
File C:\Users\Andrei2\PycharmProjects\djangoProject8\.venv\Lib\site-packages\django\db\models\signals.py first seen with mtime 1744011255.74482
File C:\Users\Andrei2\PycharmProjects\djangoProject8\.venv\Lib\site-packages\django\contrib\contenttypes\checks.py first seen with mtime 1744011253.5348196
File C:\Users\Andrei2\AppData\Local\Programs\Python\Python313\Lib\asyncio\proactor_events.py first seen with mtime 1728286008.0
File C:\Users\Andrei2\PycharmProjects\djangoProject8\.venv\Lib\site-packages\rest_framework\schemas\utils.py first seen with mtime 1744011294.1602523
File C:\Users\Andrei2\PyCharmProjects\djangoProject8\.venv\Lib\site-packages\rest_framework\templates\rest_framework first seen with mtime 1744011294.2592335
File C:\Users\Andrei2\PyCharmProjects\djangoProject8\.venv\Lib\site-packages\rest_framework\templates\rest_framework\admin first seen with mtime 1744011294.220217
File C:\Users\Andrei2\PyCharmProjects\djangoProject8\.venv\Lib\site-packages\rest_framework\templates\rest_framework\admin.html first seen with mtime 1744011294.2108397
File C:\Users\Andrei2\PyCharmProjects\djangoProject8\.venv\Lib\site-packages\rest_framework\templates\rest_framework\api.html first seen with mtime 1744011294.2118423
File C:\Users\Andrei2\PyCharmProjects\djangoProject8\.venv\Lib\site-packages\rest_framework\templates\rest_framework\base.html first seen with mtime 1744011294.2128382
File C:\Users\Andrei2\PyCharmProjects\djangoProject8\.venv\Lib\site-packages\rest_framework\templates\rest_framework\docs first seen with mtime 1744011294.2294753
File C:\Users\Andrei2\PyCharmProjects\djangoProject8\.venv\Lib\site-packages\rest_framework\templates\rest_framework\filters first seen with mtime 1744011294.2373016
File C:\Users\Andrei2\PyCharmProjects\djangoProject8\.venv\Lib\site-packages\rest_framework\templates\rest_framework\horizontal first seen with mtime 1744011294.247026
File C:\Users\Andrei2\PyCharmProjects\djangoProject8\.venv\Lib\site-packages\rest_framework\templates\rest_framework\inline first seen with mtime 1744011294.2568672
File C:\Users\Andrei2\PyCharmProjects\djangoProject8\.venv\Lib\site-packages\rest_framework\templates\rest_framework\login.html first seen with mtime 1744011294.2139187
File C:\Users\Andrei2\PyCharmProjects\djangoProject8\.venv\Lib\site-packages\rest_framework\templates\rest_framework\login_base.html first seen with mtime 1744011294.2149305
File C:\Users\Andrei2\PyCharmProjects\djangoProject8\.venv\Lib\site-packages\rest_framework\templates\rest_framework\pagination first seen with mtime 1744011294.2582228
File C:\Users\Andrei2\PyCharmProjects\djangoProject8\.venv\Lib\site-packages\rest_framework\templates\rest_framework\raw_data_form.html first seen with mtime 1744011294.2149305
File C:\Users\Andrei2\PyCharmProjects\djangoProject8\.venv\Lib\site-packages\rest_framework\templates\rest_framework\schema.js first seen with mtime 1744011294.2159307
File C:\Users\Andrei2\PyCharmProjects\djangoProject8\.venv\Lib\site-packages\rest_framework\templates\rest_framework\vertical first seen with mtime 1744011294.2680688
File C:\Users\Andrei2\PyCharmProjects\djangoProject8\.venv\Lib\site-packages\rest_framework\templates\rest_framework\admin\detail.html first seen with mtime 1744011294.216934
File C:\Users\Andrei2\PyCharmProjects\djangoProject8\.venv\Lib\site-packages\rest_framework\templates\rest_framework\admin\dict_value.html first seen with mtime 1744011294.2182014
File C:\Users\Andrei2\PyCharmProjects\djangoProject8\.venv\Lib\site-packages\rest_framework\templates\rest_framework\admin\list.html first seen with mtime 1744011294.2192118
File C:\Users\Andrei2\PyCharmProjects\djangoProject8\.venv\Lib\site-packages\rest_framework\templates\rest_framework\admin\list_value.html first seen with mtime 1744011294.2192118
File C:\Users\Andrei2\PyCharmProjects\djangoProject8\.venv\Lib\site-packages\rest_framework\templates\rest_framework\admin\simple_list_value.html first seen with mtime 1744011294.220217
File C:\Users\Andrei2\PyCharmProjects\djangoProject8\.venv\Lib\site-packages\rest_framework\templates\rest_framework\docs\auth first seen with mtime 1744011294.2294753
File C:\Users\Andrei2\PyCharmProjects\djangoProject8\.venv\Lib\site-packages\rest_framework\templates\rest_framework\docs\document.html first seen with mtime 1744011294.2222106
File C:\Users\Andrei2\PyCharmProjects\djangoProject8\.venv\Lib\site-packages\rest_framework\templates\rest_framework\docs\error.html first seen with mtime 1744011294.2236412
File C:\Users\Andrei2\PyCharmProjects\djangoProject8\.venv\Lib\site-packages\rest_framework\templates\rest_framework\docs\index.html first seen with mtime 1744011294.2236412
File C:\Users\Andrei2\PyCharmProjects\djangoProject8\.venv\Lib\site-packages\rest_framework\templates\rest_framework\docs\interact.html first seen with mtime 1744011294.2251053
File C:\Users\Andrei2\PyCharmProjects\djangoProject8\.venv\Lib\site-packages\rest_framework\templates\rest_framework\docs\langs first seen with mtime 1744011294.234215
File C:\Users\Andrei2\PyCharmProjects\djangoProject8\.venv\Lib\site-packages\rest_framework\templates\rest_framework\docs\link.html first seen with mtime 1744011294.2261176
File C:\Users\Andrei2\PyCharmProjects\djangoProject8\.venv\Lib\site-packages\rest_framework\templates\rest_framework\docs\sidebar.html first seen with mtime 1744011294.2261176
File C:\Users\Andrei2\PyCharmProjects\djangoProject8\.venv\Lib\site-packages\rest_framework\templates\rest_framework\filters\base.html first seen with mtime 1744011294.2363
File C:\Users\Andrei2\PyCharmProjects\djangoProject8\.venv\Lib\site-packages\rest_framework\templates\rest_framework\filters\ordering.html first seen with mtime 1744011294.2363
File C:\Users\Andrei2\PyCharmProjects\djangoProject8\.venv\Lib\site-packages\rest_framework\templates\rest_framework\filters\search.html first seen with mtime 1744011294.2373016
File C:\Users\Andrei2\PyCharmProjects\djangoProject8\.venv\Lib\site-packages\rest_framework\templates\rest_framework\horizontal\checkbox.html first seen with mtime 1744011294.2386074
File C:\Users\Andrei2\PyCharmProjects\djangoProject8\.venv\Lib\site-packages\rest_framework\templates\rest_framework\horizontal\checkbox_multiple.html first seen with mtime 1744011294.2398427
File C:\Users\Andrei2\PyCharmProjects\djangoProject8\.venv\Lib\site-packages\rest_framework\templates\rest_framework\horizontal\dict_field.html first seen with mtime 1744011294.2398427
File C:\Users\Andrei2\PyCharmProjects\djangoProject8\.venv\Lib\site-packages\rest_framework\templates\rest_framework\horizontal\fieldset.html first seen with mtime 1744011294.240847
File C:\Users\Andrei2\PyCharmProjects\djangoProject8\.venv\Lib\site-packages\rest_framework\templates\rest_framework\horizontal\form.html first seen with mtime 1744011294.2419808
File C:\Users\Andrei2\PyCharmProjects\djangoProject8\.venv\Lib\site-packages\rest_framework\templates\rest_framework\horizontal\input.html first seen with mtime 1744011294.2429788
File C:\Users\Andrei2\PyCharmProjects\djangoProject8\.venv\Lib\site-packages\rest_framework\templates\rest_framework\horizontal\list_field.html first seen with mtime 1744011294.2429788
File C:\Users\Andrei2\PyCharmProjects\djangoProject8\.venv\Lib\site-packages\rest_framework\templates\rest_framework\horizontal\list_fieldset.html first seen with mtime 1744011294.2439785
File C:\Users\Andrei2\PyCharmProjects\djangoProject8\.venv\Lib\site-packages\rest_framework\templates\rest_framework\horizontal\radio.html first seen with mtime 1744011294.2449841
File C:\Users\Andrei2\PyCharmProjects\djangoProject8\.venv\Lib\site-packages\rest_framework\templates\rest_framework\horizontal\select.html first seen with mtime 1744011294.2460103
File C:\Users\Andrei2\PyCharmProjects\djangoProject8\.venv\Lib\site-packages\rest_framework\templates\rest_framework\horizontal\select_multiple.html first seen with mtime 1744011294.247026
File C:\Users\Andrei2\PyCharmProjects\djangoProject8\.venv\Lib\site-packages\rest_framework\templates\rest_framework\horizontal\textarea.html first seen with mtime 1744011294.2480364
File C:\Users\Andrei2\PyCharmProjects\djangoProject8\.venv\Lib\site-packages\rest_framework\templates\rest_framework\inline\checkbox.html first seen with mtime 1744011294.249047
File C:\Users\Andrei2\PyCharmProjects\djangoProject8\.venv\Lib\site-packages\rest_framework\templates\rest_framework\inline\checkbox_multiple.html first seen with mtime 1744011294.249047
File C:\Users\Andrei2\PyCharmProjects\djangoProject8\.venv\Lib\site-packages\rest_framework\templates\rest_framework\inline\dict_field.html first seen with mtime 1744011294.2503228
File C:\Users\Andrei2\PyCharmProjects\djangoProject8\.venv\Lib\site-packages\rest_framework\templates\rest_framework\inline\fieldset.html first seen with mtime 1744011294.251333
File C:\Users\Andrei2\PyCharmProjects\djangoProject8\.venv\Lib\site-packages\rest_framework\templates\rest_framework\inline\form.html first seen with mtime 1744011294.251333
File C:\Users\Andrei2\PyCharmProjects\djangoProject8\.venv\Lib\site-packages\rest_framework\templates\rest_framework\inline\input.html first seen with mtime 1744011294.2524383
File C:\Users\Andrei2\PyCharmProjects\djangoProject8\.venv\Lib\site-packages\rest_framework\templates\rest_framework\inline\list_field.html first seen with mtime 1744011294.2534404
File C:\Users\Andrei2\PyCharmProjects\djangoProject8\.venv\Lib\site-packages\rest_framework\templates\rest_framework\inline\list_fieldset.html first seen with mtime 1744011294.2534404
File C:\Users\Andrei2\PyCharmProjects\djangoProject8\.venv\Lib\site-packages\rest_framework\templates\rest_framework\inline\radio.html first seen with mtime 1744011294.2544386
File C:\Users\Andrei2\PyCharmProjects\djangoProject8\.venv\Lib\site-packages\rest_framework\templates\rest_framework\inline\select.html first seen with mtime 1744011294.2554405
File C:\Users\Andrei2\PyCharmProjects\djangoProject8\.venv\Lib\site-packages\rest_framework\templates\rest_framework\inline\select_multiple.html first seen with mtime 1744011294.2554405
File C:\Users\Andrei2\PyCharmProjects\djangoProject8\.venv\Lib\site-packages\rest_framework\templates\rest_framework\inline\textarea.html first seen with mtime 1744011294.2568672
File C:\Users\Andrei2\PyCharmProjects\djangoProject8\.venv\Lib\site-packages\rest_framework\templates\rest_framework\pagination\numbers.html first seen with mtime 1744011294.2582228
File C:\Users\Andrei2\PyCharmProjects\djangoProject8\.venv\Lib\site-packages\rest_framework\templates\rest_framework\pagination\previous_and_next.html first seen with mtime 1744011294.2592335
File C:\Users\Andrei2\PyCharmProjects\djangoProject8\.venv\Lib\site-packages\rest_framework\templates\rest_framework\vertical\checkbox.html first seen with mtime 1744011294.2602365
File C:\Users\Andrei2\PyCharmProjects\djangoProject8\.venv\Lib\site-packages\rest_framework\templates\rest_framework\vertical\checkbox_multiple.html first seen with mtime 1744011294.261234
File C:\Users\Andrei2\PyCharmProjects\djangoProject8\.venv\Lib\site-packages\rest_framework\templates\rest_framework\vertical\dict_field.html first seen with mtime 1744011294.261234
File C:\Users\Andrei2\PyCharmProjects\djangoProject8\.venv\Lib\site-packages\rest_framework\templates\rest_framework\vertical\fieldset.html first seen with mtime 1744011294.2622373
File C:\Users\Andrei2\PyCharmProjects\djangoProject8\.venv\Lib\site-packages\rest_framework\templates\rest_framework\vertical\form.html first seen with mtime 1744011294.2636786
File C:\Users\Andrei2\PyCharmProjects\djangoProject8\.venv\Lib\site-packages\rest_framework\templates\rest_framework\vertical\input.html first seen with mtime 1744011294.2636786
File C:\Users\Andrei2\PyCharmProjects\djangoProject8\.venv\Lib\site-packages\rest_framework\templates\rest_framework\vertical\list_field.html first seen with mtime 1744011294.2646906
File C:\Users\Andrei2\PyCharmProjects\djangoProject8\.venv\Lib\site-packages\rest_framework\templates\rest_framework\vertical\list_fieldset.html first seen with mtime 1744011294.2660196
File C:\Users\Andrei2\PyCharmProjects\djangoProject8\.venv\Lib\site-packages\rest_framework\templates\rest_framework\vertical\radio.html first seen with mtime 1744011294.267033
File C:\Users\Andrei2\PyCharmProjects\djangoProject8\.venv\Lib\site-packages\rest_framework\templates\rest_framework\vertical\select.html first seen with mtime 1744011294.267033
File C:\Users\Andrei2\PyCharmProjects\djangoProject8\.venv\Lib\site-packages\rest_framework\templates\rest_framework\vertical\select_multiple.html first seen with mtime 1744011294.2680688
File C:\Users\Andrei2\PyCharmProjects\djangoProject8\.venv\Lib\site-packages\rest_framework\templates\rest_framework\vertical\textarea.html first seen with mtime 1744011294.269551
File C:\Users\Andrei2\PyCharmProjects\djangoProject8\.venv\Lib\site-packages\rest_framework\templates\rest_framework\docs\auth\basic.html first seen with mtime 1744011294.228119
File C:\Users\Andrei2\PyCharmProjects\djangoProject8\.venv\Lib\site-packages\rest_framework\templates\rest_framework\docs\auth\session.html first seen with mtime 1744011294.228119
File C:\Users\Andrei2\PyCharmProjects\djangoProject8\.venv\Lib\site-packages\rest_framework\templates\rest_framework\docs\auth\token.html first seen with mtime 1744011294.2294753
File C:\Users\Andrei2\PyCharmProjects\djangoProject8\.venv\Lib\site-packages\rest_framework\templates\rest_framework\docs\langs\javascript-intro.html first seen with mtime 1744011294.2310333
File C:\Users\Andrei2\PyCharmProjects\djangoProject8\.venv\Lib\site-packages\rest_framework\templates\rest_framework\docs\langs\javascript.html first seen with mtime 1744011294.2320511
File C:\Users\Andrei2\PyCharmProjects\djangoProject8\.venv\Lib\site-packages\rest_framework\templates\rest_framework\docs\langs\python-intro.html first seen with mtime 1744011294.2320511
File C:\Users\Andrei2\PyCharmProjects\djangoProject8\.venv\Lib\site-packages\rest_framework\templates\rest_framework\docs\langs\python.html first seen with mtime 1744011294.2332006
File C:\Users\Andrei2\PyCharmProjects\djangoProject8\.venv\Lib\site-packages\rest_framework\templates\rest_framework\docs\langs\shell-intro.html first seen with mtime 1744011294.234215
File C:\Users\Andrei2\PyCharmProjects\djangoProject8\.venv\Lib\site-packages\rest_framework\templates\rest_framework\docs\langs\shell.html first seen with mtime 1744011294.2352111
File C:\Users\Andrei2\PycharmProjects\djangoProject8\templates\.idea first seen with mtime 1743832139.1371076
File C:\Users\Andrei2\PycharmProjects\djangoProject8\templates\db.sqlite3 first seen with mtime 1743832139.139121
File C:\Users\Andrei2\PycharmProjects\djangoProject8\templates\mydogs first seen with mtime 1743832139.1411345
File C:\Users\Andrei2\PycharmProjects\djangoProject8\templates\public first seen with mtime 1745063136.7039008
File C:\Users\Andrei2\PycharmProjects\djangoProject8\templates\test.html first seen with mtime 1743832139.143151
File C:\Users\Andrei2\PycharmProjects\djangoProject8\templates\test_api.py first seen with mtime 1743832139.143151
File C:\Users\Andrei2\PycharmProjects\djangoProject8\templates\.idea\.gitignore first seen with mtime 1743832139.1350944
File C:\Users\Andrei2\PycharmProjects\djangoProject8\templates\.idea\dataSources.xml first seen with mtime 1743832139.1350944
File C:\Users\Andrei2\PycharmProjects\djangoProject8\templates\.idea\inspectionProfiles first seen with mtime 1743832139.1371076
File C:\Users\Andrei2\PycharmProjects\djangoProject8\templates\.idea\misc.xml first seen with mtime 1743832139.1371076
File C:\Users\Andrei2\PycharmProjects\djangoProject8\templates\.idea\modules.xml first seen with mtime 1743832139.1371076
File C:\Users\Andrei2\PycharmProjects\djangoProject8\templates\.idea\templates.iml first seen with mtime 1743832139.1371076
File C:\Users\Andrei2\PycharmProjects\djangoProject8\templates\.idea\vcs.xml first seen with mtime 1743832139.1371076
File C:\Users\Andrei2\PycharmProjects\djangoProject8\templates\mydogs\.idea first seen with mtime 1743832139.1411345
File C:\Users\Andrei2\PycharmProjects\djangoProject8\templates\mydogs\index.html first seen with mtime 1743832139.1411345
File C:\Users\Andrei2\PycharmProjects\djangoProject8\templates\mydogs\places.html first seen with mtime 1743832139.1411345
File C:\Users\Andrei2\PycharmProjects\djangoProject8\templates\mydogs\register.html first seen with mtime 1743832139.143151
File C:\Users\Andrei2\PycharmProjects\djangoProject8\templates\public\images first seen with mtime 1743832138.822618
File C:\Users\Andrei2\PycharmProjects\djangoProject8\templates\public\index.html first seen with mtime 1745063136.7039008
File C:\Users\Andrei2\PycharmProjects\djangoProject8\templates\public\places.html first seen with mtime 1743832138.8246374
File C:\Users\Andrei2\PycharmProjects\djangoProject8\templates\public\styles first seen with mtime 1743832138.8266566
File C:\Users\Andrei2\PycharmProjects\djangoProject8\templates\public\images\a629a148751349305bee9c1864120902_cropped_510x340.webp first seen with mtime 1743832138.7885761
File C:\Users\Andrei2\PycharmProjects\djangoProject8\templates\public\images\cbbe299229e7d5c49d378287632d4deb_cropped_666x444.webp first seen with mtime 1743832138.7885761
File C:\Users\Andrei2\PycharmProjects\djangoProject8\templates\public\images\d5a2bde913a14c179a94c172e5afbbb5.jpg first seen with mtime 1743832138.7905917
File C:\Users\Andrei2\PycharmProjects\djangoProject8\templates\public\images\istockphoto-1482199015-1024x1024.jpg first seen with mtime 1743832138.7905917
File C:\Users\Andrei2\PycharmProjects\djangoProject8\templates\public\images\pexels-charlesdeluvio-1851164.jpg first seen with mtime 1743832138.814528
File C:\Users\Andrei2\PycharmProjects\djangoProject8\templates\public\images\photo_2024-10-28_23-03-43.jpg first seen with mtime 1743832138.822618
File C:\Users\Andrei2\PycharmProjects\djangoProject8\templates\public\styles\main.css first seen with mtime 1743832138.8266566
File C:\Users\Andrei2\PycharmProjects\djangoProject8\templates\mydogs\.idea\.gitignore first seen with mtime 1743832139.139121
File C:\Users\Andrei2\PycharmProjects\djangoProject8\templates\mydogs\.idea\inspectionProfiles first seen with mtime 1743653499.5878232
File C:\Users\Andrei2\PycharmProjects\djangoProject8\templates\mydogs\.idea\misc.xml first seen with mtime 1743832139.139121
File C:\Users\Andrei2\PycharmProjects\djangoProject8\templates\mydogs\.idea\modules.xml first seen with mtime 1743653499.564331
File C:\Users\Andrei2\PycharmProjects\djangoProject8\templates\mydogs\.idea\mydogs.iml first seen with mtime 1743832139.139121
File C:\Users\Andrei2\PycharmProjects\djangoProject8\templates\mydogs\.idea\vcs.xml first seen with mtime 1743832139.1411345
File C:\Users\Andrei2\PycharmProjects\djangoProject8\templates\mydogs\.idea\inspectionProfiles\profiles_settings.xml first seen with mtime 1743653499.589831
File C:\Users\Andrei2\PycharmProjects\djangoProject8\templates\.idea\inspectionProfiles\profiles_settings.xml first seen with mtime 1743832139.1371076
File C:\Users\Andrei2\PyCharmProjects\djangoProject8\.venv\Lib\site-packages\rest_framework\locale\zh_TW\LC_MESSAGES\django.mo first seen with mtime 1744011294.1519508
File C:\Users\Andrei2\PyCharmProjects\djangoProject8\.venv\Lib\site-packages\rest_framework\locale\zh_Hant\LC_MESSAGES\django.mo first seen with mtime 1744011294.150951
File C:\Users\Andrei2\PyCharmProjects\djangoProject8\.venv\Lib\site-packages\rest_framework\locale\zh_Hans\LC_MESSAGES\django.mo first seen with mtime 1744011294.1488583
File C:\Users\Andrei2\PyCharmProjects\djangoProject8\.venv\Lib\site-packages\rest_framework\locale\zh_CN\LC_MESSAGES\django.mo first seen with mtime 1744011294.1478558
File C:\Users\Andrei2\PyCharmProjects\djangoProject8\.venv\Lib\site-packages\rest_framework\locale\vi\LC_MESSAGES\django.mo first seen with mtime 1744011294.145515
File C:\Users\Andrei2\PyCharmProjects\djangoProject8\.venv\Lib\site-packages\rest_framework\locale\uk\LC_MESSAGES\django.mo first seen with mtime 1744011294.144169
File C:\Users\Andrei2\PyCharmProjects\djangoProject8\.venv\Lib\site-packages\rest_framework\locale\tr_TR\LC_MESSAGES\django.mo first seen with mtime 1744011294.1430652
File C:\Users\Andrei2\PyCharmProjects\djangoProject8\.venv\Lib\site-packages\rest_framework\locale\tr\LC_MESSAGES\django.mo first seen with mtime 1744011294.1406527
File C:\Users\Andrei2\PyCharmProjects\djangoProject8\.venv\Lib\site-packages\rest_framework\locale\th\LC_MESSAGES\django.mo first seen with mtime 1744011294.139646
File C:\Users\Andrei2\PyCharmProjects\djangoProject8\.venv\Lib\site-packages\rest_framework\locale\sv\LC_MESSAGES\django.mo first seen with mtime 1744011294.1373506
File C:\Users\Andrei2\PyCharmProjects\djangoProject8\.venv\Lib\site-packages\rest_framework\locale\sl\LC_MESSAGES\django.mo first seen with mtime 1744011294.1344936
File C:\Users\Andrei2\PyCharmProjects\djangoProject8\.venv\Lib\site-packages\rest_framework\locale\sk\LC_MESSAGES\django.mo first seen with mtime 1744011294.1334918
File C:\Users\Andrei2\PyCharmProjects\djangoProject8\.venv\Lib\site-packages\rest_framework\locale\ru_RU\LC_MESSAGES\django.mo first seen with mtime 1744011294.1323488
File C:\Users\Andrei2\PyCharmProjects\djangoProject8\.venv\Lib\site-packages\rest_framework\locale\ru\LC_MESSAGES\django.mo first seen with mtime 1744011294.130216
File C:\Users\Andrei2\PyCharmProjects\djangoProject8\.venv\Lib\site-packages\rest_framework\locale\ro\LC_MESSAGES\django.mo first seen with mtime 1744011294.1281874
File C:\Users\Andrei2\PyCharmProjects\djangoProject8\.venv\Lib\site-packages\rest_framework\locale\pt_PT\LC_MESSAGES\django.mo first seen with mtime 1744011294.126067
File C:\Users\Andrei2\PyCharmProjects\djangoProject8\.venv\Lib\site-packages\rest_framework\locale\pt_BR\LC_MESSAGES\django.mo first seen with mtime 1744011294.125052
File C:\Users\Andrei2\PyCharmProjects\djangoProject8\.venv\Lib\site-packages\rest_framework\locale\pt\LC_MESSAGES\django.mo first seen with mtime 1744011294.1236024
File C:\Users\Andrei2\PyCharmProjects\djangoProject8\.venv\Lib\site-packages\rest_framework\locale\pl\LC_MESSAGES\django.mo first seen with mtime 1744011294.122602
File C:\Users\Andrei2\PyCharmProjects\djangoProject8\.venv\Lib\site-packages\rest_framework\locale\no\LC_MESSAGES\django.mo first seen with mtime 1744011294.1203575
File C:\Users\Andrei2\PyCharmProjects\djangoProject8\.venv\Lib\site-packages\rest_framework\locale\nn\LC_MESSAGES\django.mo first seen with mtime 1744011294.119006
File C:\Users\Andrei2\PyCharmProjects\djangoProject8\.venv\Lib\site-packages\rest_framework\locale\nl\LC_MESSAGES\django.mo first seen with mtime 1744011294.1179917
File C:\Users\Andrei2\PyCharmProjects\djangoProject8\.venv\Lib\site-packages\rest_framework\locale\ne_NP\LC_MESSAGES\django.mo first seen with mtime 1744011294.1165235
File C:\Users\Andrei2\PyCharmProjects\djangoProject8\.venv\Lib\site-packages\rest_framework\locale\nb\LC_MESSAGES\django.mo first seen with mtime 1744011294.1139479
File C:\Users\Andrei2\PyCharmProjects\djangoProject8\.venv\Lib\site-packages\rest_framework\locale\mk\LC_MESSAGES\django.mo first seen with mtime 1744011294.1124704
File C:\Users\Andrei2\PyCharmProjects\djangoProject8\.venv\Lib\site-packages\rest_framework\locale\lv\LC_MESSAGES\django.mo first seen with mtime 1744011294.1114504
File C:\Users\Andrei2\PyCharmProjects\djangoProject8\.venv\Lib\site-packages\rest_framework\locale\lt\LC_MESSAGES\django.mo first seen with mtime 1744011294.1103897
File C:\Users\Andrei2\PyCharmProjects\djangoProject8\.venv\Lib\site-packages\rest_framework\locale\ko_KR\LC_MESSAGES\django.mo first seen with mtime 1744011294.1078753
File C:\Users\Andrei2\PyCharmProjects\djangoProject8\.venv\Lib\site-packages\rest_framework\locale\ja\LC_MESSAGES\django.mo first seen with mtime 1744011294.1068773
File C:\Users\Andrei2\PyCharmProjects\djangoProject8\.venv\Lib\site-packages\rest_framework\locale\it\LC_MESSAGES\django.mo first seen with mtime 1744011294.105881
File C:\Users\Andrei2\PyCharmProjects\djangoProject8\.venv\Lib\site-packages\rest_framework\locale\id\LC_MESSAGES\django.mo first seen with mtime 1744011294.103749
File C:\Users\Andrei2\PyCharmProjects\djangoProject8\.venv\Lib\site-packages\rest_framework\locale\hy\LC_MESSAGES\django.mo first seen with mtime 1744011294.102237
File C:\Users\Andrei2\PyCharmProjects\djangoProject8\.venv\Lib\site-packages\rest_framework\locale\hu\LC_MESSAGES\django.mo first seen with mtime 1744011294.0999255
File C:\Users\Andrei2\PyCharmProjects\djangoProject8\.venv\Lib\site-packages\rest_framework\locale\he_IL\LC_MESSAGES\django.mo first seen with mtime 1744011294.098549
(0.008) 
            SELECT
                c.relname,
                CASE
                    WHEN c.relispartition THEN 'p'
                    WHEN c.relkind IN ('m', 'v') THEN 'v'
                    ELSE 't'
                END,
                obj_description(c.oid, 'pg_class')
            FROM pg_catalog.pg_class c
            LEFT JOIN pg_catalog.pg_namespace n ON n.oid = c.relnamespace
            WHERE c.relkind IN ('f', 'm', 'p', 'r', 'v')
                AND n.nspname NOT IN ('pg_catalog', 'pg_toast')
                AND pg_catalog.pg_table_is_visible(c.oid)
        ; args=None; alias=default
File C:\Users\Andrei2\PyCharmProjects\djangoProject8\.venv\Lib\site-packages\rest_framework\locale\gl_ES\LC_MESSAGES\django.mo first seen with mtime 1744011294.097265
File C:\Users\Andrei2\PyCharmProjects\djangoProject8\.venv\Lib\site-packages\rest_framework\locale\gl\LC_MESSAGES\django.mo first seen with mtime 1744011294.0957937
File C:\Users\Andrei2\PyCharmProjects\djangoProject8\.venv\Lib\site-packages\rest_framework\locale\fr_CA\LC_MESSAGES\django.mo first seen with mtime 1744011294.0944982
File C:\Users\Andrei2\PyCharmProjects\djangoProject8\.venv\Lib\site-packages\rest_framework\locale\fr\LC_MESSAGES\django.mo first seen with mtime 1744011294.0934868
File C:\Users\Andrei2\PyCharmProjects\djangoProject8\.venv\Lib\site-packages\rest_framework\locale\fi\LC_MESSAGES\django.mo first seen with mtime 1744011294.0924864
File C:\Users\Andrei2\PyCharmProjects\djangoProject8\.venv\Lib\site-packages\rest_framework\locale\fa_IR\LC_MESSAGES\django.mo first seen with mtime 1744011294.0903854
File C:\Users\Andrei2\PyCharmProjects\djangoProject8\.venv\Lib\site-packages\rest_framework\locale\fa\LC_MESSAGES\django.mo first seen with mtime 1744011294.0894427
File C:\Users\Andrei2\PyCharmProjects\djangoProject8\.venv\Lib\site-packages\rest_framework\locale\et\LC_MESSAGES\django.mo first seen with mtime 1744011294.0873733
(0.002) SELECT "django_migrations"."id", "django_migrations"."app", "django_migrations"."name", "django_migrations"."applied" FROM "django_migrations"; args=(); alias=default
File C:\Users\Andrei2\PyCharmProjects\djangoProject8\.venv\Lib\site-packages\rest_framework\locale\es\LC_MESSAGES\django.mo first seen with mtime 1744011294.086026
File C:\Users\Andrei2\PyCharmProjects\djangoProject8\.venv\Lib\site-packages\rest_framework\locale\en_US\LC_MESSAGES\django.mo first seen with mtime 1744011294.0835218
File C:\Users\Andrei2\PyCharmProjects\djangoProject8\.venv\Lib\site-packages\rest_framework\locale\en_CA\LC_MESSAGES\django.mo first seen with mtime 1744011294.0823653
File C:\Users\Andrei2\PyCharmProjects\djangoProject8\.venv\Lib\site-packages\rest_framework\locale\en_AU\LC_MESSAGES\django.mo first seen with mtime 1744011294.0808754
File C:\Users\Andrei2\PyCharmProjects\djangoProject8\.venv\Lib\site-packages\rest_framework\locale\en\LC_MESSAGES\django.mo first seen with mtime 1744011294.0788171
File C:\Users\Andrei2\PyCharmProjects\djangoProject8\.venv\Lib\site-packages\rest_framework\locale\el_GR\LC_MESSAGES\django.mo first seen with mtime 1744011294.0778027
File C:\Users\Andrei2\PyCharmProjects\djangoProject8\.venv\Lib\site-packages\rest_framework\locale\el\LC_MESSAGES\django.mo first seen with mtime 1744011294.0766118
File C:\Users\Andrei2\PyCharmProjects\djangoProject8\.venv\Lib\site-packages\rest_framework\locale\de\LC_MESSAGES\django.mo first seen with mtime 1744011294.0745132
File C:\Users\Andrei2\PyCharmProjects\djangoProject8\.venv\Lib\site-packages\rest_framework\locale\da\LC_MESSAGES\django.mo first seen with mtime 1744011294.0734193
File C:\Users\Andrei2\PyCharmProjects\djangoProject8\.venv\Lib\site-packages\rest_framework\locale\cs\LC_MESSAGES\django.mo first seen with mtime 1744011294.0695581
File C:\Users\Andrei2\PyCharmProjects\djangoProject8\.venv\Lib\site-packages\rest_framework\locale\ca_ES\LC_MESSAGES\django.mo first seen with mtime 1744011294.068491
File C:\Users\Andrei2\PyCharmProjects\djangoProject8\.venv\Lib\site-packages\rest_framework\locale\ca\LC_MESSAGES\django.mo first seen with mtime 1744011294.067379
File C:\Users\Andrei2\PyCharmProjects\djangoProject8\.venv\Lib\site-packages\rest_framework\locale\bg\LC_MESSAGES\django.mo first seen with mtime 1744011294.0663376
File C:\Users\Andrei2\PyCharmProjects\djangoProject8\.venv\Lib\site-packages\rest_framework\locale\be\LC_MESSAGES\django.mo first seen with mtime 1744011294.0638518
File C:\Users\Andrei2\PyCharmProjects\djangoProject8\.venv\Lib\site-packages\rest_framework\locale\az\LC_MESSAGES\django.mo first seen with mtime 1744011294.0626483
File C:\Users\Andrei2\PyCharmProjects\djangoProject8\.venv\Lib\site-packages\rest_framework\locale\ar\LC_MESSAGES\django.mo first seen with mtime 1744011294.0611773
File C:\Users\Andrei2\PyCharmProjects\djangoProject8\.venv\Lib\site-packages\rest_framework\locale\ach\LC_MESSAGES\django.mo first seen with mtime 1744011294.059157
File C:\Users\Andrei2\PycharmProjects\djangoProject8\.venv\Lib\site-packages\django\contrib\admin\migrations\0002_logentry_remove_auto_add.py first seen with mtime 1744011252.7945328
File C:\Users\Andrei2\PycharmProjects\djangoProject8\.venv\Lib\site-packages\django\contrib\auth\migrations\0008_alter_user_username_max_length.py first seen with mtime 1744011253.5261004
File C:\Users\Andrei2\PycharmProjects\djangoProject8\.venv\Lib\site-packages\django\contrib\auth\migrations\0011_update_proxy_permissions.py first seen with mtime 1744011253.5281003
File C:\Users\Andrei2\PycharmProjects\djangoProject8\.venv\Lib\site-packages\django\db\migrations\recorder.py first seen with mtime 1744011255.7012556
File C:\Users\Andrei2\PycharmProjects\djangoProject8\.venv\Lib\site-packages\django\contrib\contenttypes\migrations\__init__.py first seen with mtime 1744011253.755389
File C:\Users\Andrei2\PycharmProjects\djangoProject8\.venv\Lib\site-packages\django\db\migrations\loader.py first seen with mtime 1744011255.6958787
File C:\Users\Andrei2\PycharmProjects\djangoProject8\.venv\Lib\site-packages\django\db\migrations\graph.py first seen with mtime 1744011255.6948807
File C:\Users\Andrei2\PycharmProjects\djangoProject8\.venv\Lib\site-packages\django\contrib\sessions\migrations\__init__.py first seen with mtime 1744011255.1947894
File C:\Users\Andrei2\PycharmProjects\djangoProject8\.venv\Lib\site-packages\django\contrib\contenttypes\migrations\0002_remove_content_type_name.py first seen with mtime 1744011253.755389
File C:\Users\Andrei2\PycharmProjects\djangoProject8\.venv\Lib\site-packages\django\contrib\contenttypes\migrations\0001_initial.py first seen with mtime 1744011253.754377
File C:\Users\Andrei2\PycharmProjects\djangoProject8\mydogs\migrations\0003_alter_mydogs_category.py first seen with mtime 1744635237.7065198
File C:\Users\Andrei2\PycharmProjects\djangoProject8\.venv\Lib\site-packages\django\contrib\auth\migrations\0001_initial.py first seen with mtime 1744011253.5211298
File C:\Users\Andrei2\PycharmProjects\djangoProject8\.venv\Lib\site-packages\django\contrib\auth\migrations\0010_alter_group_name_max_length.py first seen with mtime 1744011253.5271025
File C:\Users\Andrei2\PycharmProjects\djangoProject8\.venv\Lib\site-packages\corsheaders\middleware.py first seen with mtime 1744011279.316902
File C:\Users\Andrei2\PycharmProjects\djangoProject8\.venv\Lib\site-packages\django\contrib\auth\migrations\0002_alter_permission_name_max_length.py first seen with mtime 1744011253.5222268
File C:\Users\Andrei2\PycharmProjects\djangoProject8\mydogs\migrations\__init__.py first seen with mtime 1743832080.565905
File C:\Users\Andrei2\PycharmProjects\djangoProject8\.venv\Lib\site-packages\django\contrib\auth\migrations\__init__.py first seen with mtime 1744011253.5291023
File C:\Users\Andrei2\PycharmProjects\djangoProject8\.venv\Lib\site-packages\django\contrib\sessions\migrations\0001_initial.py first seen with mtime 1744011255.1947894
File C:\Users\Andrei2\PycharmProjects\djangoProject8\.venv\Lib\site-packages\django\contrib\auth\migrations\0006_require_contenttypes_0002.py first seen with mtime 1744011253.5236864
File C:\Users\Andrei2\PycharmProjects\djangoProject8\.venv\Lib\site-packages\django\db\migrations\executor.py first seen with mtime 1744011255.6948807
File C:\Users\Andrei2\PycharmProjects\djangoProject8\.venv\Lib\site-packages\django\contrib\sessions\middleware.py first seen with mtime 1744011254.9725504
File C:\Users\Andrei2\PycharmProjects\djangoProject8\.venv\Lib\site-packages\corsheaders\signals.py first seen with mtime 1744011279.3179042
File C:\Users\Andrei2\PycharmProjects\djangoProject8\mydogs\migrations\0001_initial.py first seen with mtime 1743832080.5649137
File C:\Users\Andrei2\PycharmProjects\djangoProject8\.venv\Lib\site-packages\django\contrib\auth\migrations\0007_alter_validators_add_error_messages.py first seen with mtime 1744011253.5250926
File C:\Users\Andrei2\PycharmProjects\djangoProject8\.venv\Lib\site-packages\django\contrib\auth\migrations\0003_alter_user_email_max_length.py first seen with mtime 1744011253.5222268
File C:\Users\Andrei2\PycharmProjects\djangoProject8\.venv\Lib\site-packages\django\contrib\admin\migrations\0001_initial.py first seen with mtime 1744011252.7930255
File C:\Users\Andrei2\PycharmProjects\djangoProject8\.venv\Lib\site-packages\django\contrib\admin\migrations\0003_logentry_add_action_flag_choices.py first seen with mtime 1744011252.795546
File C:\Users\Andrei2\PycharmProjects\djangoProject8\mydogs\migrations\0002_remove_mydogs_cat_remove_mydogs_content_and_more.py first seen with mtime 1743832080.565905
File C:\Users\Andrei2\PycharmProjects\djangoProject8\.venv\Lib\site-packages\django\contrib\sessions\backends\base.py first seen with mtime 1744011254.9759114
File C:\Users\Andrei2\PycharmProjects\djangoProject8\mydogs\middleware\csp_middleware.py first seen with mtime 1743832080.5605998
File C:\Users\Andrei2\PycharmProjects\djangoProject8\.venv\Lib\site-packages\django\contrib\auth\migrations\0012_alter_user_first_name_max_length.py first seen with mtime 1744011253.5291023
File C:\Users\Andrei2\PycharmProjects\djangoProject8\.venv\Lib\site-packages\django\contrib\auth\migrations\0004_alter_user_username_opts.py first seen with mtime 1744011253.5236864
File C:\Users\Andrei2\PycharmProjects\djangoProject8\.venv\Lib\site-packages\django\contrib\auth\migrations\0005_alter_user_last_login_null.py first seen with mtime 1744011253.5236864
File C:\Users\Andrei2\PycharmProjects\djangoProject8\.venv\Lib\site-packages\django\contrib\sessions\exceptions.py first seen with mtime 1744011254.9712186
File C:\Users\Andrei2\PycharmProjects\djangoProject8\.venv\Lib\site-packages\django\contrib\auth\migrations\0009_alter_user_last_name_max_length.py first seen with mtime 1744011253.5261004
File C:\Users\Andrei2\PycharmProjects\djangoProject8\.venv\Lib\site-packages\django\contrib\admin\migrations\__init__.py first seen with mtime 1744011252.795546
File C:\Users\Andrei2\PycharmProjects\djangoProject8\.venv\Lib\site-packages\django\contrib\sessions\backends\db.py first seen with mtime 1744011254.9780056
File C:\Users\Andrei2\PycharmProjects\djangoProject8\.venv\Lib\site-packages\django\middleware\common.py first seen with mtime 1744011255.8866377
File C:\Users\Andrei2\PycharmProjects\djangoProject8\.venv\Lib\site-packages\django\contrib\messages\middleware.py first seen with mtime 1744011254.552935
File C:\Users\Andrei2\PycharmProjects\djangoProject8\djangoProject8\wsgi.py first seen with mtime 1743832080.5344362
File C:\Users\Andrei2\PycharmProjects\djangoProject8\.venv\Lib\site-packages\django\db\models\sql\compiler.py first seen with mtime 1744011255.7724473
File C:\Users\Andrei2\PycharmProjects\djangoProject8\.venv\Lib\site-packages\django\core\cache\backends\locmem.py first seen with mtime 1744011255.532912
File C:\Users\Andrei2\PycharmProjects\djangoProject8\.venv\Lib\site-packages\django\contrib\sessions\backends\__init__.py first seen with mtime 1744011254.974883
File C:\Users\Andrei2\PycharmProjects\djangoProject8\.venv\Lib\site-packages\django\middleware\clickjacking.py first seen with mtime 1744011255.8866377
File C:\Users\Andrei2\PycharmProjects\djangoProject8\.venv\Lib\site-packages\django\views\csrf.py first seen with mtime 1744011255.9725776
